City_ID,City_Name,State_Province,Country_ID
CTY_001,Jessicaborough,Nebraska,CT02
CTY_002,South Laura,Alaska,CT05
CTY_003,Theresabury,South Carolina,CT07
CTY_004,Solomonstad,Pennsylvania,CT01
CTY_005,Millerfort,Florida,CT02
CTY_006,Terrifurt,Utah,CT03
CTY_007,Lake Patrick,Nevada,CT05
CTY_008,Charlesside,Arkansas,CT07
CTY_009,West Sarahfort,Minnesota,CT03
CTY_010,North Jonfurt,Maryland,CT06
CTY_011,Lambertberg,Oklahoma,CT06
CTY_012,New Harryburgh,North Carolina,CT06
CTY_013,Conradmouth,Florida,CT03
CTY_014,West Jenniferchester,Georgia,CT04
CTY_015,Darrylton,Florida,CT04
CTY_016,Savageview,West Virginia,CT07
CTY_017,Saraport,Kentucky,CT03
CTY_018,Zacharychester,Hawaii,CT04
CTY_019,Jillianfort,Wisconsin,CT03
CTY_020,New Melissa,Texas,CT02
CTY_021,Brownberg,Arkansas,CT04
CTY_022,East Barry,Kentucky,CT03
CTY_023,Lake Tanner,Delaware,CT06
CTY_024,Williamsstad,Virginia,CT05
CTY_025,Ellisville,Washington,CT07
CTY_026,North Michael,Indiana,CT05
CTY_027,Henryburgh,West Virginia,CT04
CTY_028,Annashire,Indiana,CT05
CTY_029,New Katieburgh,Nebraska,CT01
CTY_030,East Kaylaville,Michigan,CT01
CTY_031,West Erinville,Montana,CT05
CTY_032,Brittanyville,Massachusetts,CT06
CTY_033,North Christopher,Virginia,CT07
CTY_034,Gibsonview,Rhode Island,CT07
CTY_035,West Taramouth,Massachusetts,CT03
CTY_036,East Michelle,Tennessee,CT05
CTY_037,Marcuston,West Virginia,CT06
CTY_038,New Stephaniefurt,Colorado,CT05
CTY_039,Scottbury,Wyoming,CT05
CTY_040,Davisborough,Hawaii,CT03
CTY_041,Chanport,Tennessee,CT03
CTY_042,North Kenneth,Nevada,CT06
CTY_043,Rebeccaberg,Minnesota,CT01
CTY_044,Port Michaelborough,New York,CT04
CTY_045,Mcclurefort,Louisiana,CT01
CTY_046,Davischester,Mississippi,CT03
CTY_047,South Crystal,Colorado,CT03
CTY_048,New Matthewmouth,Utah,CT06
CTY_049,Lake Gina,Georgia,CT03
CTY_050,Rosehaven,Colorado,CT07
CTY_051,Taylorland,New Mexico,CT03
CTY_052,Edgarberg,Utah,CT03
CTY_053,Mckenziehaven,Nevada,CT06
CTY_054,Ashleyside,California,CT06
CTY_055,New Danielchester,Nebraska,CT06
CTY_056,South Donnashire,Kentucky,CT03
CTY_057,Jonathanland,Wyoming,CT02
CTY_058,North Joymouth,Idaho,CT02
CTY_059,Port Phillip,Colorado,CT05
CTY_060,Mcdowellport,Massachusetts,CT07
CTY_061,Toddmouth,South Carolina,CT02
CTY_062,Matthewburgh,Indiana,CT01
CTY_063,North Julie,Rhode Island,CT07
CTY_064,Monicaville,Nevada,CT07
CTY_065,North Randalltown,Hawaii,CT07
CTY_066,Stevensfurt,Texas,CT07
CTY_067,Turnerstad,Vermont,CT05
CTY_068,Ballardland,Florida,CT04
CTY_069,North James,Alaska,CT06
CTY_070,Port Anthony,New Mexico,CT03
CTY_071,Lake John,South Dakota,CT06
CTY_072,North Kevin,New Jersey,CT02
CTY_073,South Robert,Delaware,CT06
CTY_074,East Joanne,New Hampshire,CT01
CTY_075,Ruizmouth,Pennsylvania,CT06
CTY_076,East Kenneth,Montana,CT04
CTY_077,West Alanchester,Nebraska,CT03
CTY_078,Mclaughlinside,Maine,CT03
CTY_079,South Ricardohaven,Pennsylvania,CT04
CTY_080,Hallton,North Dakota,CT04
CTY_081,South Barbaraside,California,CT04
CTY_082,Patriciachester,New Mexico,CT06
CTY_083,South Cindystad,New Hampshire,CT01
CTY_084,Smithport,Washington,CT05
CTY_085,South Maurice,Iowa,CT06
CTY_086,New Regina,Michigan,CT05
CTY_087,Andersonport,Washington,CT07
CTY_088,Moyerstad,New Mexico,CT02
CTY_089,New Jared,Vermont,CT03
CTY_090,Lake Timothyburgh,Illinois,CT06
CTY_091,New Travis,Nebraska,CT06
CTY_092,Torresborough,Oklahoma,CT02
CTY_093,North Michaelview,Minnesota,CT06
CTY_094,East Maria,North Carolina,CT05
CTY_095,Port Brycechester,Delaware,CT06
CTY_096,North Anna,New York,CT07
CTY_097,Victoriastad,Wyoming,CT04
CTY_098,Port Natalieview,Georgia,CT06
CTY_099,Lake Brentmouth,New Jersey,CT03
CTY_100,North Kimberlyville,Oklahoma,CT05
