Employee_ID,Employee_Name,Gender,Email,Phone_Number,Education_ID,Band_ID
EMP_0001,Mark Johnson,Non-Binary,mark.johnson1@enterprise-hr.com,533-521-8196x001,EDU_008,B01
EMP_0002,Jonathan Johnson,Non-Binary,jonathan.johnson2@enterprise-hr.com,886.737.9402,EDU_018,B02
EMP_0003,Donald Lewis,Male,donald.lewis3@enterprise-hr.com,001-851-316-1559x40781,EDU_009,B06
EMP_0004,Juan Calderon,Male,juan.calderon4@enterprise-hr.com,+1-659-931-0341x316,EDU_035,B01
EMP_0005,Mark Diaz,Non-Binary,mark.diaz5@enterprise-hr.com,(653)541-9283x276,EDU_028,B01
EMP_0006,Michael Cameron,Male,michael.cameron6@enterprise-hr.com,001-903-405-6413x95376,EDU_006,B02
EMP_0007,Derek Wright,Male,derek.wright7@enterprise-hr.com,+1-484-996-9653,EDU_033,B05
EMP_0008,Brandon Williams,Male,brandon.williams8@enterprise-hr.com,922-669-1669,EDU_013,B06
EMP_0009,Wesley Valencia,Non-Binary,wesley.valencia9@enterprise-hr.com,9182451462,EDU_035,B04
EMP_0010,Troy Liu,Male,troy.liu10@enterprise-hr.com,282-781-4893x252,EDU_029,B05
EMP_0011,Katherine Rodriguez,Female,katherine.rodriguez11@enterprise-hr.com,(443)903-9117x182,EDU_001,B02
EMP_0012,Travis Martin,Non-Binary,travis.martin12@enterprise-hr.com,596.338.3465x78713,EDU_028,B03
EMP_0013,Gina Chapman,Female,gina.chapman13@enterprise-hr.com,793.301.0310,EDU_010,B02
EMP_0014,Kayla Ramirez,Female,kayla.ramirez14@enterprise-hr.com,838.729.9737x6311,EDU_007,B01
EMP_0015,Jessica Owens,Female,jessica.owens15@enterprise-hr.com,001-801-406-5133x3872,EDU_007,B03
EMP_0016,Diana Wright,Female,diana.wright16@enterprise-hr.com,478-810-8013,EDU_017,B01
EMP_0017,John Lewis,Non-Binary,john.lewis17@enterprise-hr.com,(502)660-6474x6872,EDU_030,B05
EMP_0018,Daniel Brown,Male,daniel.brown18@enterprise-hr.com,001-380-450-0978x8208,EDU_025,B01
EMP_0019,Barry Jones,Non-Binary,barry.jones19@enterprise-hr.com,361.893.9909,EDU_019,B06
EMP_0020,Matthew Cunningham,Non-Binary,matthew.cunningham20@enterprise-hr.com,343-353-4624x75107,EDU_024,B05
EMP_0021,Joshua Wagner,Male,joshua.wagner21@enterprise-hr.com,(651)235-4278,EDU_005,B01
EMP_0022,Michael Spencer,Non-Binary,michael.spencer22@enterprise-hr.com,+1-612-941-1824x49353,EDU_015,B03
EMP_0023,David Odonnell,Male,david.odonnell23@enterprise-hr.com,4169400524,EDU_015,B01
EMP_0024,Kristen Patterson,Female,kristen.patterson24@enterprise-hr.com,4118280598,EDU_018,B04
EMP_0025,Cameron Parker,Non-Binary,cameron.parker25@enterprise-hr.com,4535315869,EDU_024,B02
EMP_0026,Sharon Cherry,Female,sharon.cherry26@enterprise-hr.com,(360)825-6342,EDU_023,B02
EMP_0027,Shane Garrison,Non-Binary,shane.garrison27@enterprise-hr.com,837.754.3303,EDU_018,B06
EMP_0028,Donald Jones,Non-Binary,donald.jones28@enterprise-hr.com,001-345-886-8501x42940,EDU_005,B05
EMP_0029,Gregory Hartman,Non-Binary,gregory.hartman29@enterprise-hr.com,(798)816-9340x60883,EDU_011,B05
EMP_0030,Benjamin Beck,Non-Binary,benjamin.beck30@enterprise-hr.com,895-814-8465x64823,EDU_016,B02
EMP_0031,Megan Orr,Female,megan.orr31@enterprise-hr.com,+1-794-968-0443x699,EDU_025,B03
EMP_0032,Jeremy Lowe,Non-Binary,jeremy.lowe32@enterprise-hr.com,272.214.8951x34332,EDU_015,B06
EMP_0033,Danielle Alvarez,Female,danielle.alvarez33@enterprise-hr.com,001-517-469-3676x32016,EDU_004,B02
EMP_0034,Robert Dominguez,Male,robert.dominguez34@enterprise-hr.com,908.831.7278x895,EDU_021,B04
EMP_0035,Sandra Kelley,Female,sandra.kelley35@enterprise-hr.com,(677)943-4873,EDU_005,B02
EMP_0036,Billy Mitchell,Non-Binary,billy.mitchell36@enterprise-hr.com,855-881-2236x231,EDU_021,B02
EMP_0037,Gary Owens,Non-Binary,gary.owens37@enterprise-hr.com,2367690967,EDU_032,B04
EMP_0038,Edwin Price,Non-Binary,edwin.price38@enterprise-hr.com,(488)993-7346x70656,EDU_030,B02
EMP_0039,Tamara Hooper,Female,tamara.hooper39@enterprise-hr.com,+1-906-499-0162,EDU_009,B02
EMP_0040,Anthony Gray,Non-Binary,anthony.gray40@enterprise-hr.com,975.256.4641,EDU_035,B03
EMP_0041,Paul Williams,Non-Binary,paul.williams41@enterprise-hr.com,(931)300-3309x232,EDU_028,B05
EMP_0042,Kristy Robinson,Female,kristy.robinson42@enterprise-hr.com,001-645-829-9124x190,EDU_024,B02
EMP_0043,James Espinoza,Male,james.espinoza43@enterprise-hr.com,793-814-9190,EDU_033,B04
EMP_0044,Matthew Jones,Male,matthew.jones44@enterprise-hr.com,+1-650-967-1657x2628,EDU_004,B01
EMP_0045,John Petersen,Male,john.petersen45@enterprise-hr.com,001-845-731-4737,EDU_011,B06
EMP_0046,Alyssa Rosales,Female,alyssa.rosales46@enterprise-hr.com,(273)554-5494,EDU_005,B04
EMP_0047,Angela Cortez,Female,angela.cortez47@enterprise-hr.com,783.977.7014x3634,EDU_030,B05
EMP_0048,Kristen Cooper,Female,kristen.cooper48@enterprise-hr.com,001-485-557-4443x1351,EDU_001,B06
EMP_0049,Daniel Washington,Non-Binary,daniel.washington49@enterprise-hr.com,001-498-694-1343x5240,EDU_008,B06
EMP_0050,Angel Brown,Non-Binary,angel.brown50@enterprise-hr.com,627-910-9477x7520,EDU_018,B06
EMP_0051,Ashley Jones,Female,ashley.jones51@enterprise-hr.com,519.802.2941x3186,EDU_008,B03
EMP_0052,Joanna Ramos,Female,joanna.ramos52@enterprise-hr.com,001-564-699-0913,EDU_011,B04
EMP_0053,Matthew Moore,Male,matthew.moore53@enterprise-hr.com,(681)220-6797,EDU_017,B05
EMP_0054,David Mann,Male,david.mann54@enterprise-hr.com,001-671-434-9361x832,EDU_033,B01
EMP_0055,Benjamin Martin,Non-Binary,benjamin.martin55@enterprise-hr.com,999-347-1746x4887,EDU_020,B06
EMP_0056,Kyle Preston,Non-Binary,kyle.preston56@enterprise-hr.com,001-459-940-1399x0490,EDU_013,B02
EMP_0057,Kelly Ramos,Female,kelly.ramos57@enterprise-hr.com,429-767-1756x551,EDU_011,B05
EMP_0058,Jason Simpson,Non-Binary,jason.simpson58@enterprise-hr.com,+1-968-807-1545x16808,EDU_001,B05
EMP_0059,Amy Stone,Female,amy.stone59@enterprise-hr.com,+1-277-503-4824x771,EDU_032,B01
EMP_0060,Michael Collins,Male,michael.collins60@enterprise-hr.com,9866131712,EDU_024,B03
EMP_0061,Jordan Hill,Male,jordan.hill61@enterprise-hr.com,873.778.2639x8214,EDU_004,B02
EMP_0062,Timothy Romero,Non-Binary,timothy.romero62@enterprise-hr.com,9447997278,EDU_006,B01
EMP_0063,Gary Hines,Non-Binary,gary.hines63@enterprise-hr.com,(875)433-9636x0576,EDU_032,B01
EMP_0064,Jon Johnson,Non-Binary,jon.johnson64@enterprise-hr.com,695.717.1870x26217,EDU_009,B02
EMP_0065,Marcus Sanders,Non-Binary,marcus.sanders65@enterprise-hr.com,358-565-7809,EDU_031,B05
EMP_0066,Mark Mccall,Male,mark.mccall66@enterprise-hr.com,216.711.7240,EDU_017,B05
EMP_0067,Robert Carter,Non-Binary,robert.carter67@enterprise-hr.com,(862)538-6922x219,EDU_028,B02
EMP_0068,Jonathan Aguilar,Non-Binary,jonathan.aguilar68@enterprise-hr.com,474.374.0748,EDU_013,B06
EMP_0069,Jessica Reed,Female,jessica.reed69@enterprise-hr.com,001-346-547-4367,EDU_026,B06
EMP_0070,James Howard,Non-Binary,james.howard70@enterprise-hr.com,740-564-0909x7439,EDU_024,B04
EMP_0071,Mark Oliver,Non-Binary,mark.oliver71@enterprise-hr.com,+1-421-504-7095x21456,EDU_029,B01
EMP_0072,Carlos Ryan,Male,carlos.ryan72@enterprise-hr.com,(488)542-4745x171,EDU_015,B01
EMP_0073,Shannon Ramsey,Female,shannon.ramsey73@enterprise-hr.com,(885)716-0481x7549,EDU_002,B05
EMP_0074,Brian Hall,Non-Binary,brian.hall74@enterprise-hr.com,8983593174,EDU_015,B05
EMP_0075,Charles Shah,Male,charles.shah75@enterprise-hr.com,471-813-8267x5869,EDU_001,B01
EMP_0076,Matthew Bass,Non-Binary,matthew.bass76@enterprise-hr.com,+1-764-205-3773x515,EDU_004,B02
EMP_0077,James Lopez,Male,james.lopez77@enterprise-hr.com,471-539-0053,EDU_003,B03
EMP_0078,Barry Hubbard,Male,barry.hubbard78@enterprise-hr.com,493.435.2904,EDU_033,B02
EMP_0079,Kimberly Lindsey,Female,kimberly.lindsey79@enterprise-hr.com,402-605-3950,EDU_032,B02
EMP_0080,Anthony Harmon,Non-Binary,anthony.harmon80@enterprise-hr.com,611.977.5891x78390,EDU_009,B06
EMP_0081,Mason Johnson,Non-Binary,mason.johnson81@enterprise-hr.com,666.717.7115x9212,EDU_031,B02
EMP_0082,Jane Harper,Female,jane.harper82@enterprise-hr.com,778-996-1183x6736,EDU_027,B02
EMP_0083,James Blair,Male,james.blair83@enterprise-hr.com,465-245-2711x11615,EDU_007,B06
EMP_0084,Laurie Hoffman,Female,laurie.hoffman84@enterprise-hr.com,416-956-0494x51983,EDU_023,B04
EMP_0085,Courtney Rodriguez,Female,courtney.rodriguez85@enterprise-hr.com,+1-251-649-3689,EDU_030,B06
EMP_0086,Allen Nelson,Male,allen.nelson86@enterprise-hr.com,001-545-850-2296x12018,EDU_007,B01
EMP_0087,Jennifer Peterson,Female,jennifer.peterson87@enterprise-hr.com,(645)999-1022x901,EDU_022,B01
EMP_0088,Matthew Tucker,Male,matthew.tucker88@enterprise-hr.com,664.238.1561x497,EDU_013,B02
EMP_0089,Daniel Joyce,Non-Binary,daniel.joyce89@enterprise-hr.com,3032432445,EDU_029,B02
EMP_0090,Kathleen Jordan,Female,kathleen.jordan90@enterprise-hr.com,(268)838-8516,EDU_012,B03
EMP_0091,Alicia Morse,Female,alicia.morse91@enterprise-hr.com,796-396-6416x05297,EDU_016,B01
EMP_0092,Jessica Rodriguez,Female,jessica.rodriguez92@enterprise-hr.com,(596)781-6453x52181,EDU_007,B01
EMP_0093,Gregory Mullen,Non-Binary,gregory.mullen93@enterprise-hr.com,+1-923-912-4329x2127,EDU_035,B01
EMP_0094,Michael Macias,Male,michael.macias94@enterprise-hr.com,+1-795-352-7177x4490,EDU_016,B02
EMP_0095,Emily Hayes,Female,emily.hayes95@enterprise-hr.com,9542119986,EDU_032,B04
EMP_0096,Jerry Pacheco,Male,jerry.pacheco96@enterprise-hr.com,+1-435-297-8207x1518,EDU_026,B01
EMP_0097,David Kim,Male,david.kim97@enterprise-hr.com,288.792.5546x659,EDU_025,B01
EMP_0098,Andrea Davis,Female,andrea.davis98@enterprise-hr.com,+1-364-649-2519x25462,EDU_017,B04
EMP_0099,Kristin Schneider,Female,kristin.schneider99@enterprise-hr.com,528-516-8505x42357,EDU_028,B06
EMP_0100,Zachary Moore,Non-Binary,zachary.moore100@enterprise-hr.com,418-488-0592x9622,EDU_032,B02
EMP_0101,Nathan Williams,Male,nathan.williams101@enterprise-hr.com,(737)994-7383x473,EDU_019,B02
EMP_0102,Joel Campbell,Male,joel.campbell102@enterprise-hr.com,(388)362-3924x0758,EDU_035,B01
EMP_0103,Dustin Hines,Non-Binary,dustin.hines103@enterprise-hr.com,878-726-1375x060,EDU_021,B01
EMP_0104,David Vang,Male,david.vang104@enterprise-hr.com,(930)951-5220x472,EDU_031,B05
EMP_0105,Luis Bullock,Non-Binary,luis.bullock105@enterprise-hr.com,6435289861,EDU_011,B01
EMP_0106,Eric Williams,Non-Binary,eric.williams106@enterprise-hr.com,(897)211-7980x89324,EDU_006,B02
EMP_0107,Lucas Allen,Male,lucas.allen107@enterprise-hr.com,(221)885-1888x88067,EDU_005,B06
EMP_0108,William King,Male,william.king108@enterprise-hr.com,2517531952,EDU_026,B01
EMP_0109,Joshua Li,Non-Binary,joshua.li109@enterprise-hr.com,(577)222-1704,EDU_016,B05
EMP_0110,Rick Blackwell,Non-Binary,rick.blackwell110@enterprise-hr.com,348-768-7403x45054,EDU_003,B05
EMP_0111,Jeffrey Ross,Male,jeffrey.ross111@enterprise-hr.com,865.427.7584x161,EDU_027,B06
EMP_0112,Joshua Morris,Non-Binary,joshua.morris112@enterprise-hr.com,754-947-9627,EDU_034,B03
EMP_0113,Amanda Berg,Female,amanda.berg113@enterprise-hr.com,(996)240-1658x202,EDU_014,B06
EMP_0114,Cameron Young,Non-Binary,cameron.young114@enterprise-hr.com,+1-455-769-0927x5571,EDU_021,B02
EMP_0115,Jennifer Banks,Female,jennifer.banks115@enterprise-hr.com,610.627.8681,EDU_026,B02
EMP_0116,Michael Lewis,Non-Binary,michael.lewis116@enterprise-hr.com,+1-747-331-2172x715,EDU_020,B04
EMP_0117,Krista Roberts,Female,krista.roberts117@enterprise-hr.com,722-958-3132x3705,EDU_005,B01
EMP_0118,Regina Arnold,Female,regina.arnold118@enterprise-hr.com,+1-711-346-7866x912,EDU_007,B01
EMP_0119,Jerry Frazier,Non-Binary,jerry.frazier119@enterprise-hr.com,(628)492-2680x182,EDU_014,B05
EMP_0120,Candice Donovan,Female,candice.donovan120@enterprise-hr.com,458.641.4384,EDU_009,B03
EMP_0121,Lucas Davis,Male,lucas.davis121@enterprise-hr.com,+1-229-692-2995x9001,EDU_016,B03
EMP_0122,Marilyn Wang,Female,marilyn.wang122@enterprise-hr.com,(490)978-4473x64710,EDU_011,B04
EMP_0123,Jason Marshall,Non-Binary,jason.marshall123@enterprise-hr.com,992-355-5625x88153,EDU_020,B05
EMP_0124,Derek Wright,Non-Binary,derek.wright124@enterprise-hr.com,704-569-6325,EDU_034,B01
EMP_0125,Phillip Jimenez,Non-Binary,phillip.jimenez125@enterprise-hr.com,277.247.0168x73395,EDU_020,B06
EMP_0126,Douglas Harper,Male,douglas.harper126@enterprise-hr.com,+1-874-280-1624x5650,EDU_009,B03
EMP_0127,Kelly Lee,Male,kelly.lee127@enterprise-hr.com,+1-341-468-7849,EDU_007,B06
EMP_0128,William Long,Non-Binary,william.long128@enterprise-hr.com,985-923-9868x00025,EDU_010,B03
EMP_0129,Brittany Barry,Female,brittany.barry129@enterprise-hr.com,(759)952-6949,EDU_014,B06
EMP_0130,Michelle Evans,Female,michelle.evans130@enterprise-hr.com,9556169409,EDU_014,B06
EMP_0131,Walter Patton,Non-Binary,walter.patton131@enterprise-hr.com,001-399-530-9728x96230,EDU_017,B05
EMP_0132,Alicia Edwards,Female,alicia.edwards132@enterprise-hr.com,(563)768-9702,EDU_017,B01
EMP_0133,Zachary Mendoza,Male,zachary.mendoza133@enterprise-hr.com,(652)678-5854x9733,EDU_028,B03
EMP_0134,Danny Dudley,Male,danny.dudley134@enterprise-hr.com,843-875-7584x4198,EDU_001,B03
EMP_0135,Robert Blevins,Male,robert.blevins135@enterprise-hr.com,(540)541-5747,EDU_017,B02
EMP_0136,Ronald Nelson,Non-Binary,ronald.nelson136@enterprise-hr.com,+1-542-519-9330,EDU_029,B05
EMP_0137,Anthony Gutierrez,Non-Binary,anthony.gutierrez137@enterprise-hr.com,001-771-620-8267x734,EDU_028,B05
EMP_0138,Matthew Velez,Male,matthew.velez138@enterprise-hr.com,893-980-2620,EDU_008,B01
EMP_0139,Cody Curry,Non-Binary,cody.curry139@enterprise-hr.com,400-949-9154x7887,EDU_010,B05
EMP_0140,Don Lamb,Male,don.lamb140@enterprise-hr.com,727-342-0549x32966,EDU_024,B05
EMP_0141,James Davis,Non-Binary,james.davis141@enterprise-hr.com,(675)730-4637,EDU_010,B04
EMP_0142,Eric Sharp,Male,eric.sharp142@enterprise-hr.com,8456301742,EDU_003,B03
EMP_0143,Melissa Fowler,Female,melissa.fowler143@enterprise-hr.com,959-533-2727x9568,EDU_003,B03
EMP_0144,Philip Becker,Male,philip.becker144@enterprise-hr.com,+1-518-478-5191x088,EDU_016,B06
EMP_0145,Christopher Bond,Male,christopher.bond145@enterprise-hr.com,813.997.1870x728,EDU_023,B05
EMP_0146,Kristy Hansen,Female,kristy.hansen146@enterprise-hr.com,+1-240-364-0391x06518,EDU_010,B02
EMP_0147,William Kennedy,Male,william.kennedy147@enterprise-hr.com,762-326-5676x6182,EDU_012,B04
EMP_0148,Christopher Medina,Male,christopher.medina148@enterprise-hr.com,723.400.4786x86337,EDU_012,B06
EMP_0149,Desiree Pineda,Female,desiree.pineda149@enterprise-hr.com,001-210-569-0331x1907,EDU_027,B06
EMP_0150,Patrick Morales,Non-Binary,patrick.morales150@enterprise-hr.com,783.702.8439,EDU_016,B03
EMP_0151,David Walter,Male,david.walter151@enterprise-hr.com,+1-783-864-4089x26870,EDU_007,B04
EMP_0152,Richard Flores,Male,richard.flores152@enterprise-hr.com,(862)846-2873x34270,EDU_031,B02
EMP_0153,Justin Anderson,Male,justin.anderson153@enterprise-hr.com,543.251.7518,EDU_030,B03
EMP_0154,Debra Nunez,Female,debra.nunez154@enterprise-hr.com,+1-501-539-8373x540,EDU_015,B02
EMP_0155,Victor Wilson,Male,victor.wilson155@enterprise-hr.com,001-673-693-6385x46785,EDU_013,B04
EMP_0156,Heather Andrade,Female,heather.andrade156@enterprise-hr.com,217.653.5560x932,EDU_018,B01
EMP_0157,Kristen Silva,Female,kristen.silva157@enterprise-hr.com,001-664-923-5369x3785,EDU_023,B06
EMP_0158,Vincent May,Non-Binary,vincent.may158@enterprise-hr.com,372.252.2872x8080,EDU_026,B06
EMP_0159,Phillip Gutierrez,Non-Binary,phillip.gutierrez159@enterprise-hr.com,+1-931-220-3875x0997,EDU_022,B01
EMP_0160,Aaron Arnold,Male,aaron.arnold160@enterprise-hr.com,4083484086,EDU_017,B02
EMP_0161,Thomas Warren,Non-Binary,thomas.warren161@enterprise-hr.com,739.884.5461,EDU_017,B01
EMP_0162,Jimmy Sanchez,Male,jimmy.sanchez162@enterprise-hr.com,001-234-410-1666x870,EDU_028,B03
EMP_0163,Bradley Bruce,Non-Binary,bradley.bruce163@enterprise-hr.com,+1-659-218-0339x7401,EDU_021,B04
EMP_0164,Christopher Jefferson,Non-Binary,christopher.jefferson164@enterprise-hr.com,5398261429,EDU_033,B01
EMP_0165,Megan Fernandez,Female,megan.fernandez165@enterprise-hr.com,(821)785-0163x1599,EDU_013,B03
EMP_0166,Allen Nelson,Male,allen.nelson166@enterprise-hr.com,673.558.6629x619,EDU_028,B01
EMP_0167,Micheal Miller,Non-Binary,micheal.miller167@enterprise-hr.com,(662)965-5110,EDU_035,B06
EMP_0168,Ian Nelson,Non-Binary,ian.nelson168@enterprise-hr.com,(312)267-8886,EDU_013,B03
EMP_0169,Ann Spencer,Female,ann.spencer169@enterprise-hr.com,+1-495-860-4661x839,EDU_005,B06
EMP_0170,Caroline Adams,Female,caroline.adams170@enterprise-hr.com,672-512-6464x715,EDU_021,B06
EMP_0171,Nathan Simpson,Male,nathan.simpson171@enterprise-hr.com,+1-937-712-4065x965,EDU_020,B05
EMP_0172,Jessica Colon,Female,jessica.colon172@enterprise-hr.com,+1-992-545-9375x2654,EDU_027,B03
EMP_0173,Erika Ramirez,Female,erika.ramirez173@enterprise-hr.com,(651)393-9828x0737,EDU_019,B05
EMP_0174,Robert Flynn,Male,robert.flynn174@enterprise-hr.com,(872)843-4266x17979,EDU_013,B04
EMP_0175,Joshua Gibbs,Non-Binary,joshua.gibbs175@enterprise-hr.com,(789)811-3529x096,EDU_025,B06
EMP_0176,Brian Garcia,Non-Binary,brian.garcia176@enterprise-hr.com,888.989.9375,EDU_012,B05
EMP_0177,Raymond Chapman,Non-Binary,raymond.chapman177@enterprise-hr.com,925.507.1461x12545,EDU_020,B04
EMP_0178,Joseph Bailey,Non-Binary,joseph.bailey178@enterprise-hr.com,777-351-4010,EDU_001,B03
EMP_0179,Megan Martin,Female,megan.martin179@enterprise-hr.com,001-438-828-2586x7362,EDU_014,B04
EMP_0180,James Mclaughlin,Non-Binary,james.mclaughlin180@enterprise-hr.com,379.366.0334,EDU_021,B04
EMP_0181,Rebecca Herrera,Female,rebecca.herrera181@enterprise-hr.com,(853)371-4785x969,EDU_029,B06
EMP_0182,Gregory Bruce,Male,gregory.bruce182@enterprise-hr.com,+1-424-799-1251x341,EDU_033,B04
EMP_0183,Michael Dixon,Non-Binary,michael.dixon183@enterprise-hr.com,(492)496-6278x28274,EDU_011,B06
EMP_0184,Ernest Hayes,Male,ernest.hayes184@enterprise-hr.com,9508723688,EDU_019,B05
EMP_0185,Michael Perry,Non-Binary,michael.perry185@enterprise-hr.com,672.419.0340x438,EDU_022,B01
EMP_0186,Richard Cunningham,Male,richard.cunningham186@enterprise-hr.com,001-578-881-9148x58078,EDU_020,B02
EMP_0187,Brian Greer,Male,brian.greer187@enterprise-hr.com,001-834-407-4517x13395,EDU_010,B01
EMP_0188,Luis Glover,Male,luis.glover188@enterprise-hr.com,709.658.4982,EDU_016,B04
EMP_0189,Dylan Adams,Non-Binary,dylan.adams189@enterprise-hr.com,412.660.4223x25367,EDU_005,B04
EMP_0190,Lori Brooks,Female,lori.brooks190@enterprise-hr.com,216-384-5775,EDU_013,B06
EMP_0191,Nicholas Ellis,Non-Binary,nicholas.ellis191@enterprise-hr.com,+1-451-986-3637x45458,EDU_025,B04
EMP_0192,Rachel Shannon,Female,rachel.shannon192@enterprise-hr.com,001-600-417-0127x70632,EDU_016,B02
EMP_0193,Shannon Mcdowell,Non-Binary,shannon.mcdowell193@enterprise-hr.com,554-815-2064,EDU_001,B01
EMP_0194,Mary Padilla,Female,mary.padilla194@enterprise-hr.com,2372129387,EDU_015,B02
EMP_0195,Michael Montoya,Non-Binary,michael.montoya195@enterprise-hr.com,(427)413-6111x55426,EDU_034,B04
EMP_0196,Barry Elliott,Male,barry.elliott196@enterprise-hr.com,+1-427-353-2697x311,EDU_016,B01
EMP_0197,Leah Cruz,Female,leah.cruz197@enterprise-hr.com,(552)534-1389x99404,EDU_009,B04
EMP_0198,Paul Phillips,Non-Binary,paul.phillips198@enterprise-hr.com,2377613791,EDU_034,B05
EMP_0199,Timothy Anderson,Non-Binary,timothy.anderson199@enterprise-hr.com,001-365-282-7109,EDU_021,B04
EMP_0200,Dennis Williams,Non-Binary,dennis.williams200@enterprise-hr.com,4686486661,EDU_033,B04
EMP_0201,Bradley Miller,Non-Binary,bradley.miller201@enterprise-hr.com,528.256.9146,EDU_029,B02
EMP_0202,David Middleton,Non-Binary,david.middleton202@enterprise-hr.com,479-290-4210,EDU_031,B04
EMP_0203,Carla Benton,Female,carla.benton203@enterprise-hr.com,684.325.2410x56481,EDU_016,B06
EMP_0204,Kathleen Dixon,Female,kathleen.dixon204@enterprise-hr.com,3795252419,EDU_034,B04
EMP_0205,Patrick Smith,Non-Binary,patrick.smith205@enterprise-hr.com,8305756220,EDU_016,B03
EMP_0206,Erica Butler,Female,erica.butler206@enterprise-hr.com,001-854-319-5180x2380,EDU_005,B06
EMP_0207,Sherri Cline,Female,sherri.cline207@enterprise-hr.com,001-945-718-7053x49493,EDU_016,B03
EMP_0208,Leslie Snyder,Female,leslie.snyder208@enterprise-hr.com,001-838-632-0603x85050,EDU_021,B05
EMP_0209,Brian Moreno,Male,brian.moreno209@enterprise-hr.com,867.702.4103,EDU_009,B02
EMP_0210,Jimmy Adkins,Male,jimmy.adkins210@enterprise-hr.com,001-818-426-1990,EDU_025,B06
EMP_0211,David Green,Male,david.green211@enterprise-hr.com,465-957-4313x29121,EDU_014,B01
EMP_0212,Julie Russell,Female,julie.russell212@enterprise-hr.com,+1-453-674-7411,EDU_027,B03
EMP_0213,Ronald Terry,Non-Binary,ronald.terry213@enterprise-hr.com,2356213568,EDU_030,B04
EMP_0214,David Ewing,Male,david.ewing214@enterprise-hr.com,4673883171,EDU_014,B04
EMP_0215,Alexandra Greer,Female,alexandra.greer215@enterprise-hr.com,323.265.1994,EDU_002,B05
EMP_0216,Yolanda Gonzalez,Female,yolanda.gonzalez216@enterprise-hr.com,+1-972-215-1070x2966,EDU_031,B01
EMP_0217,Janet Simmons,Female,janet.simmons217@enterprise-hr.com,(632)944-7209x993,EDU_020,B04
EMP_0218,Jennifer Pierce,Female,jennifer.pierce218@enterprise-hr.com,2148626383,EDU_035,B06
EMP_0219,Richard Howard,Non-Binary,richard.howard219@enterprise-hr.com,+1-275-798-5642,EDU_035,B05
EMP_0220,Kyle Johnson,Male,kyle.johnson220@enterprise-hr.com,001-240-578-5932x13348,EDU_032,B02
EMP_0221,Laura Mcgrath,Female,laura.mcgrath221@enterprise-hr.com,(452)523-9559x0599,EDU_028,B04
EMP_0222,Russell Cochran,Male,russell.cochran222@enterprise-hr.com,984.227.0103x9308,EDU_025,B03
EMP_0223,Gary Mendez,Non-Binary,gary.mendez223@enterprise-hr.com,(352)750-0292,EDU_026,B06
EMP_0224,Tyler Brooks,Male,tyler.brooks224@enterprise-hr.com,+1-769-515-4522x67528,EDU_030,B02
EMP_0225,Max Olsen,Non-Binary,max.olsen225@enterprise-hr.com,(544)322-0969x0295,EDU_035,B01
EMP_0226,Taylor Taylor,Female,taylor.taylor226@enterprise-hr.com,001-313-755-2157x0433,EDU_002,B01
EMP_0227,David Rodriguez,Non-Binary,david.rodriguez227@enterprise-hr.com,7068762676,EDU_028,B02
EMP_0228,Ashley Mendoza,Female,ashley.mendoza228@enterprise-hr.com,001-632-371-0405,EDU_012,B01
EMP_0229,Angela Jackson,Female,angela.jackson229@enterprise-hr.com,(821)481-5997x0629,EDU_025,B03
EMP_0230,Anthony Rivera,Male,anthony.rivera230@enterprise-hr.com,268.884.4431,EDU_030,B03
EMP_0231,Laura Larsen,Female,laura.larsen231@enterprise-hr.com,(505)306-1497,EDU_025,B03
EMP_0232,Allison Jackson,Female,allison.jackson232@enterprise-hr.com,717-814-6774x1862,EDU_017,B01
EMP_0233,Jaclyn Griffin,Female,jaclyn.griffin233@enterprise-hr.com,877-543-4902x115,EDU_002,B06
EMP_0234,Juan Randall,Non-Binary,juan.randall234@enterprise-hr.com,468.379.3741x60898,EDU_004,B03
EMP_0235,Travis Cole,Male,travis.cole235@enterprise-hr.com,(433)620-6163,EDU_005,B06
EMP_0236,Francisco Acosta,Male,francisco.acosta236@enterprise-hr.com,916-286-8548,EDU_002,B02
EMP_0237,Richard Dean,Male,richard.dean237@enterprise-hr.com,761.862.2999x11914,EDU_002,B05
EMP_0238,Dennis Pena,Male,dennis.pena238@enterprise-hr.com,001-897-202-4629,EDU_016,B02
EMP_0239,Jennifer Koch,Female,jennifer.koch239@enterprise-hr.com,001-330-574-5054x447,EDU_008,B05
EMP_0240,Chad Mccann,Male,chad.mccann240@enterprise-hr.com,754.269.1373x678,EDU_030,B06
EMP_0241,Kaylee Moore,Female,kaylee.moore241@enterprise-hr.com,986-228-9023x3030,EDU_024,B02
EMP_0242,Thomas Bush,Non-Binary,thomas.bush242@enterprise-hr.com,457-986-1035x797,EDU_008,B02
EMP_0243,Laurie Bailey,Female,laurie.bailey243@enterprise-hr.com,(541)540-6029,EDU_007,B05
EMP_0244,Matthew Byrd,Male,matthew.byrd244@enterprise-hr.com,668-600-7229x034,EDU_020,B05
EMP_0245,Jeff Bennett,Non-Binary,jeff.bennett245@enterprise-hr.com,(774)637-4896x910,EDU_025,B04
EMP_0246,Edwin Rodriguez,Non-Binary,edwin.rodriguez246@enterprise-hr.com,554-254-4432,EDU_013,B01
EMP_0247,Robert Lang,Non-Binary,robert.lang247@enterprise-hr.com,+1-565-720-7446x660,EDU_016,B01
EMP_0248,Nicholas Walker,Non-Binary,nicholas.walker248@enterprise-hr.com,+1-375-984-2824,EDU_020,B06
EMP_0249,Carl Green,Non-Binary,carl.green249@enterprise-hr.com,+1-725-713-5346,EDU_008,B05
EMP_0250,David Carter,Male,david.carter250@enterprise-hr.com,370-899-9173,EDU_023,B05
EMP_0251,Kendra Gutierrez,Female,kendra.gutierrez251@enterprise-hr.com,(423)356-9725,EDU_024,B01
EMP_0252,John Welch,Non-Binary,john.welch252@enterprise-hr.com,(450)907-4329,EDU_022,B01
EMP_0253,Rachel Chan,Female,rachel.chan253@enterprise-hr.com,(296)566-6760,EDU_032,B01
EMP_0254,Monica Dodson,Female,monica.dodson254@enterprise-hr.com,683-400-3354x21689,EDU_024,B06
EMP_0255,Ana Williams,Female,ana.williams255@enterprise-hr.com,878-298-5625x7532,EDU_010,B04
EMP_0256,Darryl Acosta,Male,darryl.acosta256@enterprise-hr.com,(830)698-2150,EDU_034,B06
EMP_0257,Patricia Dean,Female,patricia.dean257@enterprise-hr.com,+1-901-400-1676x184,EDU_035,B04
EMP_0258,Christine Jennings,Female,christine.jennings258@enterprise-hr.com,8463184992,EDU_028,B06
EMP_0259,Jorge Williamson,Non-Binary,jorge.williamson259@enterprise-hr.com,411-273-9348x3564,EDU_018,B03
EMP_0260,Joshua Lozano,Male,joshua.lozano260@enterprise-hr.com,001-375-330-0119x721,EDU_006,B03
EMP_0261,Summer Newman,Female,summer.newman261@enterprise-hr.com,344.370.1204x556,EDU_016,B04
EMP_0262,Samuel Zamora,Non-Binary,samuel.zamora262@enterprise-hr.com,7227557941,EDU_025,B03
EMP_0263,Clayton Morales,Male,clayton.morales263@enterprise-hr.com,946.976.2120x216,EDU_032,B03
EMP_0264,Christopher James,Male,christopher.james264@enterprise-hr.com,(790)227-7167x014,EDU_032,B02
EMP_0265,Michele Gregory,Female,michele.gregory265@enterprise-hr.com,001-499-235-8891x63756,EDU_017,B03
EMP_0266,Alexandra Michael,Female,alexandra.michael266@enterprise-hr.com,877.821.7535x40838,EDU_018,B05
EMP_0267,Robert Miller,Male,robert.miller267@enterprise-hr.com,897.217.7517x016,EDU_034,B02
EMP_0268,Justin Smith,Male,justin.smith268@enterprise-hr.com,799-248-8375,EDU_016,B06
EMP_0269,Ruth Richard,Female,ruth.richard269@enterprise-hr.com,789-397-5711x30554,EDU_032,B05
EMP_0270,Angel Martin,Male,angel.martin270@enterprise-hr.com,(561)949-3316,EDU_031,B06
EMP_0271,Roger Lee,Non-Binary,roger.lee271@enterprise-hr.com,216-809-1779x82708,EDU_032,B04
EMP_0272,Ryan Webb,Male,ryan.webb272@enterprise-hr.com,529.622.1699x58669,EDU_006,B03
EMP_0273,James Cooper,Male,james.cooper273@enterprise-hr.com,572-626-9848x5833,EDU_026,B06
EMP_0274,Michael Morse,Male,michael.morse274@enterprise-hr.com,(828)685-1587,EDU_020,B06
EMP_0275,Shawn Henderson,Non-Binary,shawn.henderson275@enterprise-hr.com,6814062003,EDU_024,B04
EMP_0276,William Vega,Non-Binary,william.vega276@enterprise-hr.com,(504)838-0571,EDU_034,B03
EMP_0277,Cynthia Mueller,Female,cynthia.mueller277@enterprise-hr.com,001-940-566-6580x043,EDU_022,B03
EMP_0278,Thomas Bush,Non-Binary,thomas.bush278@enterprise-hr.com,+1-359-889-3347x2122,EDU_030,B03
EMP_0279,Amanda Ramirez,Female,amanda.ramirez279@enterprise-hr.com,222-694-0572x025,EDU_017,B02
EMP_0280,John Armstrong,Male,john.armstrong280@enterprise-hr.com,(815)383-2818x268,EDU_013,B03
EMP_0281,Gregory Ware,Male,gregory.ware281@enterprise-hr.com,+1-555-554-3987x80157,EDU_035,B06
EMP_0282,Tyler Fleming,Male,tyler.fleming282@enterprise-hr.com,261-664-8408x58877,EDU_013,B02
EMP_0283,Steven Lee,Non-Binary,steven.lee283@enterprise-hr.com,811.328.8013x36138,EDU_031,B03
EMP_0284,Paul Hernandez,Non-Binary,paul.hernandez284@enterprise-hr.com,650.811.0248x193,EDU_034,B05
EMP_0285,Jasmine Mccoy,Female,jasmine.mccoy285@enterprise-hr.com,(350)661-8091x90158,EDU_007,B02
EMP_0286,Rachel Turner,Female,rachel.turner286@enterprise-hr.com,547-466-0728,EDU_015,B03
EMP_0287,Paul Robles,Male,paul.robles287@enterprise-hr.com,+1-342-245-0882,EDU_020,B01
EMP_0288,Aaron Carlson,Non-Binary,aaron.carlson288@enterprise-hr.com,+1-481-443-5368,EDU_035,B02
EMP_0289,Catherine Jensen,Female,catherine.jensen289@enterprise-hr.com,631-329-0878x141,EDU_003,B01
EMP_0290,Craig Carpenter,Non-Binary,craig.carpenter290@enterprise-hr.com,652-431-4913x57759,EDU_019,B06
EMP_0291,Keith Diaz,Male,keith.diaz291@enterprise-hr.com,962-705-3364x52577,EDU_032,B01
EMP_0292,Raymond Tucker,Male,raymond.tucker292@enterprise-hr.com,329-314-2834,EDU_019,B04
EMP_0293,Stephanie Atkinson,Female,stephanie.atkinson293@enterprise-hr.com,+1-409-796-9308x4887,EDU_029,B03
EMP_0294,James Vance,Male,james.vance294@enterprise-hr.com,001-242-578-8165,EDU_004,B03
EMP_0295,Sarah Drake,Female,sarah.drake295@enterprise-hr.com,+1-228-527-2299x275,EDU_008,B01
EMP_0296,Pam Hall,Female,pam.hall296@enterprise-hr.com,753-303-8567x700,EDU_032,B01
EMP_0297,Michael Boyd,Non-Binary,michael.boyd297@enterprise-hr.com,649-889-2665x918,EDU_004,B02
EMP_0298,William Walker,Male,william.walker298@enterprise-hr.com,(655)577-9082x7231,EDU_020,B01
EMP_0299,Chris Moore,Male,chris.moore299@enterprise-hr.com,+1-813-265-1777x392,EDU_008,B05
EMP_0300,Dana Anderson,Female,dana.anderson300@enterprise-hr.com,001-622-480-9202,EDU_015,B05
EMP_0301,Kellie Sullivan,Female,kellie.sullivan301@enterprise-hr.com,001-404-513-7977,EDU_029,B04
EMP_0302,Sandra Burke,Female,sandra.burke302@enterprise-hr.com,001-329-584-2579,EDU_028,B03
EMP_0303,James Anderson,Non-Binary,james.anderson303@enterprise-hr.com,9382862912,EDU_004,B05
EMP_0304,Shawn Schmidt,Non-Binary,shawn.schmidt304@enterprise-hr.com,001-811-572-9806x86508,EDU_007,B02
EMP_0305,Todd Olson,Non-Binary,todd.olson305@enterprise-hr.com,001-865-699-1624x73149,EDU_014,B03
EMP_0306,Colin Fletcher,Non-Binary,colin.fletcher306@enterprise-hr.com,8987180635,EDU_006,B02
EMP_0307,Brian Simmons,Male,brian.simmons307@enterprise-hr.com,001-844-586-9594,EDU_012,B05
EMP_0308,Jason Bowers,Male,jason.bowers308@enterprise-hr.com,525.988.7449x5621,EDU_011,B01
EMP_0309,Rachel Avery,Female,rachel.avery309@enterprise-hr.com,838-265-8902,EDU_029,B06
EMP_0310,Robert Morrow,Non-Binary,robert.morrow310@enterprise-hr.com,696.211.4351x9066,EDU_031,B03
EMP_0311,Tracy Wilkins,Male,tracy.wilkins311@enterprise-hr.com,+1-477-203-8430x9883,EDU_015,B03
EMP_0312,Ian Pena,Non-Binary,ian.pena312@enterprise-hr.com,(214)365-6693,EDU_019,B06
EMP_0313,Tamara Dunn,Female,tamara.dunn313@enterprise-hr.com,001-689-455-4393x7690,EDU_005,B06
EMP_0314,Jason Rodriguez,Male,jason.rodriguez314@enterprise-hr.com,684-951-8489,EDU_017,B06
EMP_0315,Vincent Hart,Non-Binary,vincent.hart315@enterprise-hr.com,001-735-877-9071x41633,EDU_013,B04
EMP_0316,Tyler Black,Male,tyler.black316@enterprise-hr.com,4439416518,EDU_035,B02
EMP_0317,Erik Robinson,Non-Binary,erik.robinson317@enterprise-hr.com,001-542-537-3334,EDU_010,B03
EMP_0318,Dale Wright,Male,dale.wright318@enterprise-hr.com,+1-752-711-1790x807,EDU_005,B01
EMP_0319,Johnathan Galloway,Male,johnathan.galloway319@enterprise-hr.com,001-447-228-4639,EDU_020,B05
EMP_0320,Joseph Henderson,Non-Binary,joseph.henderson320@enterprise-hr.com,+1-908-756-2718,EDU_019,B04
EMP_0321,Michael Smith,Male,michael.smith321@enterprise-hr.com,669.515.5942,EDU_030,B06
EMP_0322,Debra Mullen,Female,debra.mullen322@enterprise-hr.com,452-576-3655x64729,EDU_026,B03
EMP_0323,Robert Le,Non-Binary,robert.le323@enterprise-hr.com,486.863.2270,EDU_035,B04
EMP_0324,Kathryn Cowan,Female,kathryn.cowan324@enterprise-hr.com,+1-288-557-4489x0612,EDU_006,B05
EMP_0325,Robert Woods,Male,robert.woods325@enterprise-hr.com,+1-317-754-5588x4506,EDU_028,B06
EMP_0326,Sharon Mccarty,Female,sharon.mccarty326@enterprise-hr.com,999.982.4558,EDU_017,B01
EMP_0327,Steve James,Male,steve.james327@enterprise-hr.com,572-725-6996x1125,EDU_015,B06
EMP_0328,Evan Carter,Non-Binary,evan.carter328@enterprise-hr.com,296-447-5987x622,EDU_002,B06
EMP_0329,Monica Stanley,Female,monica.stanley329@enterprise-hr.com,001-313-326-1117x8006,EDU_003,B02
EMP_0330,Deborah Moore,Female,deborah.moore330@enterprise-hr.com,+1-764-733-4722x8200,EDU_034,B06
EMP_0331,Sharon Mcdonald,Female,sharon.mcdonald331@enterprise-hr.com,+1-948-872-8299,EDU_018,B02
EMP_0332,Joseph Fowler,Non-Binary,joseph.fowler332@enterprise-hr.com,257-283-1745x6424,EDU_028,B06
EMP_0333,Kelly Chang,Female,kelly.chang333@enterprise-hr.com,(254)878-0774,EDU_006,B04
EMP_0334,Rebecca Harper,Female,rebecca.harper334@enterprise-hr.com,4858368663,EDU_027,B03
EMP_0335,Sandra Walker,Female,sandra.walker335@enterprise-hr.com,863-589-4484,EDU_007,B02
EMP_0336,Sarah White,Female,sarah.white336@enterprise-hr.com,217-497-4973x5020,EDU_027,B06
EMP_0337,Valerie Campbell,Female,valerie.campbell337@enterprise-hr.com,(770)831-2073,EDU_019,B06
EMP_0338,Emily Lloyd,Female,emily.lloyd338@enterprise-hr.com,(470)551-2046x187,EDU_003,B04
EMP_0339,Steven Wright,Male,steven.wright339@enterprise-hr.com,(901)836-7303x7183,EDU_021,B03
EMP_0340,Melanie Collins,Female,melanie.collins340@enterprise-hr.com,520-888-1474x35031,EDU_008,B04
EMP_0341,Frederick Jackson,Non-Binary,frederick.jackson341@enterprise-hr.com,391-563-0097x925,EDU_001,B06
EMP_0342,Christopher Davis,Non-Binary,christopher.davis342@enterprise-hr.com,+1-750-905-2812x735,EDU_030,B04
EMP_0343,Nicholas Smith,Male,nicholas.smith343@enterprise-hr.com,(452)740-7784x8739,EDU_013,B05
EMP_0344,Erica Mcdonald,Female,erica.mcdonald344@enterprise-hr.com,+1-282-818-2744x857,EDU_032,B06
EMP_0345,Morgan Andrade,Female,morgan.andrade345@enterprise-hr.com,+1-459-635-1863x878,EDU_004,B02
EMP_0346,Erica Davidson,Female,erica.davidson346@enterprise-hr.com,318-910-2203,EDU_009,B03
EMP_0347,Cheryl Johnson,Female,cheryl.johnson347@enterprise-hr.com,+1-567-989-9405x3910,EDU_032,B01
EMP_0348,Timothy Collier,Male,timothy.collier348@enterprise-hr.com,605.386.5094x801,EDU_016,B06
EMP_0349,Tony Yu,Male,tony.yu349@enterprise-hr.com,413-886-3383,EDU_020,B05
EMP_0350,Paul Miranda,Male,paul.miranda350@enterprise-hr.com,001-757-461-2286,EDU_027,B01
EMP_0351,Joseph Greene,Male,joseph.greene351@enterprise-hr.com,(558)855-6659x398,EDU_008,B04
EMP_0352,Ralph Howe,Male,ralph.howe352@enterprise-hr.com,657-276-0049x082,EDU_010,B04
EMP_0353,Eric Walker,Non-Binary,eric.walker353@enterprise-hr.com,404-688-8992x10752,EDU_019,B05
EMP_0354,Jacob Perkins,Non-Binary,jacob.perkins354@enterprise-hr.com,744.919.6931,EDU_018,B04
EMP_0355,Carrie Petersen,Female,carrie.petersen355@enterprise-hr.com,001-891-894-0961x055,EDU_031,B02
EMP_0356,Tara Martinez,Female,tara.martinez356@enterprise-hr.com,001-539-406-0480x58925,EDU_010,B04
EMP_0357,Anthony Dennis,Male,anthony.dennis357@enterprise-hr.com,(379)998-1364x6225,EDU_033,B06
EMP_0358,Kenneth Williams,Male,kenneth.williams358@enterprise-hr.com,(541)568-6227x8376,EDU_005,B03
EMP_0359,Dana Adams,Female,dana.adams359@enterprise-hr.com,(659)411-6655x35590,EDU_022,B05
EMP_0360,Victoria Jensen,Female,victoria.jensen360@enterprise-hr.com,592.470.3352x110,EDU_001,B03
EMP_0361,Sean Wilkins,Non-Binary,sean.wilkins361@enterprise-hr.com,5515477053,EDU_020,B05
EMP_0362,Joshua Christensen,Non-Binary,joshua.christensen362@enterprise-hr.com,+1-679-420-6980,EDU_032,B02
EMP_0363,Amy Gonzalez,Female,amy.gonzalez363@enterprise-hr.com,001-694-807-0164x510,EDU_035,B04
EMP_0364,Crystal James,Female,crystal.james364@enterprise-hr.com,001-215-279-8123x878,EDU_022,B05
EMP_0365,David Moreno,Non-Binary,david.moreno365@enterprise-hr.com,876-220-5554x38404,EDU_025,B04
EMP_0366,Terry Avery,Female,terry.avery366@enterprise-hr.com,525.862.1689,EDU_013,B06
EMP_0367,David Hernandez,Male,david.hernandez367@enterprise-hr.com,495-878-2329x8324,EDU_025,B02
EMP_0368,Whitney Daugherty,Female,whitney.daugherty368@enterprise-hr.com,(792)451-8812,EDU_003,B03
EMP_0369,Nicholas Cannon,Non-Binary,nicholas.cannon369@enterprise-hr.com,(564)574-2312x20994,EDU_031,B06
EMP_0370,Crystal Johnson,Female,crystal.johnson370@enterprise-hr.com,972-989-7526,EDU_025,B06
EMP_0371,Chad Lee,Non-Binary,chad.lee371@enterprise-hr.com,4609463331,EDU_010,B04
EMP_0372,Sean Burns,Male,sean.burns372@enterprise-hr.com,273-366-0965x69998,EDU_009,B05
EMP_0373,Jesse Wilcox,Non-Binary,jesse.wilcox373@enterprise-hr.com,2385860868,EDU_022,B01
EMP_0374,Doris Sanders,Female,doris.sanders374@enterprise-hr.com,347-426-4908x2771,EDU_007,B05
EMP_0375,Peggy Pace,Female,peggy.pace375@enterprise-hr.com,001-982-366-5702x793,EDU_001,B06
EMP_0376,David Holt,Male,david.holt376@enterprise-hr.com,001-421-811-7518x689,EDU_027,B06
EMP_0377,Joshua Williams,Male,joshua.williams377@enterprise-hr.com,(659)622-2206,EDU_005,B04
EMP_0378,Monica Woodward,Female,monica.woodward378@enterprise-hr.com,221-923-0940x7778,EDU_022,B05
EMP_0379,David Chapman,Non-Binary,david.chapman379@enterprise-hr.com,576.271.9903x8498,EDU_026,B06
EMP_0380,Cody Brown,Male,cody.brown380@enterprise-hr.com,(402)409-9451x016,EDU_022,B06
EMP_0381,Michael Carr,Non-Binary,michael.carr381@enterprise-hr.com,001-799-882-7950x145,EDU_025,B03
EMP_0382,Robert Chang,Non-Binary,robert.chang382@enterprise-hr.com,+1-814-572-1458,EDU_032,B05
EMP_0383,Michael Salazar,Male,michael.salazar383@enterprise-hr.com,798-617-9469,EDU_005,B02
EMP_0384,Joseph Carney,Non-Binary,joseph.carney384@enterprise-hr.com,(529)297-8772x934,EDU_019,B02
EMP_0385,Bruce Marshall,Non-Binary,bruce.marshall385@enterprise-hr.com,539-266-0558,EDU_006,B04
EMP_0386,Martin Vaughn,Male,martin.vaughn386@enterprise-hr.com,214-448-8501x556,EDU_007,B04
EMP_0387,Cory Bass,Male,cory.bass387@enterprise-hr.com,+1-677-702-7278x57608,EDU_020,B01
EMP_0388,Justin Smith,Male,justin.smith388@enterprise-hr.com,001-455-812-4056,EDU_021,B01
EMP_0389,Chelsea Wilson,Female,chelsea.wilson389@enterprise-hr.com,001-645-404-6173x57438,EDU_023,B03
EMP_0390,Ashley Glover,Female,ashley.glover390@enterprise-hr.com,001-731-478-0782x35784,EDU_010,B02
EMP_0391,Randy Garcia,Non-Binary,randy.garcia391@enterprise-hr.com,923.207.6810x40915,EDU_027,B05
EMP_0392,Brian Miranda,Non-Binary,brian.miranda392@enterprise-hr.com,001-940-394-3533x4485,EDU_012,B02
EMP_0393,Dominic Moore,Male,dominic.moore393@enterprise-hr.com,709-688-1385,EDU_006,B05
EMP_0394,Brenda Bush,Female,brenda.bush394@enterprise-hr.com,993-221-4958x7020,EDU_016,B04
EMP_0395,Brian Brown,Non-Binary,brian.brown395@enterprise-hr.com,(462)399-7954x53817,EDU_010,B02
EMP_0396,Robin Gillespie,Female,robin.gillespie396@enterprise-hr.com,817.447.7332x945,EDU_017,B04
EMP_0397,Melissa Ortega,Female,melissa.ortega397@enterprise-hr.com,477-301-7157x72459,EDU_001,B04
EMP_0398,Jennifer Klein,Female,jennifer.klein398@enterprise-hr.com,858-514-8769,EDU_035,B02
EMP_0399,Marc Kelley,Male,marc.kelley399@enterprise-hr.com,361.953.9669x5832,EDU_029,B03
EMP_0400,Brian Carlson,Non-Binary,brian.carlson400@enterprise-hr.com,281-372-4619x19657,EDU_020,B06
EMP_0401,Claudia Taylor,Female,claudia.taylor401@enterprise-hr.com,001-902-527-8469,EDU_017,B04
EMP_0402,Christine Rich,Female,christine.rich402@enterprise-hr.com,294-765-1909x8624,EDU_013,B04
EMP_0403,Stephanie Faulkner,Female,stephanie.faulkner403@enterprise-hr.com,8857140369,EDU_007,B02
EMP_0404,Michelle Sullivan,Female,michelle.sullivan404@enterprise-hr.com,(483)227-2386x56242,EDU_023,B05
EMP_0405,Andrea Smith,Female,andrea.smith405@enterprise-hr.com,001-876-921-2679x6927,EDU_019,B01
EMP_0406,James Perez,Non-Binary,james.perez406@enterprise-hr.com,(990)797-3846x89500,EDU_026,B03
EMP_0407,Brian Olson,Male,brian.olson407@enterprise-hr.com,001-912-384-7818x913,EDU_004,B05
EMP_0408,Michael Ryan,Non-Binary,michael.ryan408@enterprise-hr.com,001-949-705-8077,EDU_032,B03
EMP_0409,Jason Yu,Male,jason.yu409@enterprise-hr.com,242-609-4940x7929,EDU_023,B02
EMP_0410,Robert Weber,Non-Binary,robert.weber410@enterprise-hr.com,271-328-1442x9444,EDU_013,B05
EMP_0411,Lindsey Kent,Female,lindsey.kent411@enterprise-hr.com,001-427-452-4372x8051,EDU_009,B06
EMP_0412,Ryan Mullins,Male,ryan.mullins412@enterprise-hr.com,(863)972-3950x41027,EDU_003,B03
EMP_0413,Elizabeth Reese,Female,elizabeth.reese413@enterprise-hr.com,001-783-266-7428x60476,EDU_003,B05
EMP_0414,Anne Schmidt,Female,anne.schmidt414@enterprise-hr.com,(569)545-4414x967,EDU_009,B01
EMP_0415,Kelly Byrd,Female,kelly.byrd415@enterprise-hr.com,(358)900-1061,EDU_021,B06
EMP_0416,Heather Hardy,Female,heather.hardy416@enterprise-hr.com,330-409-1093x911,EDU_012,B02
EMP_0417,James Gallagher,Male,james.gallagher417@enterprise-hr.com,+1-692-412-4471x7465,EDU_035,B03
EMP_0418,Richard Ramirez,Non-Binary,richard.ramirez418@enterprise-hr.com,3669504427,EDU_033,B03
EMP_0419,William Gonzalez,Male,william.gonzalez419@enterprise-hr.com,(227)312-8639x1741,EDU_017,B04
EMP_0420,Andrea Luna,Female,andrea.luna420@enterprise-hr.com,001-970-972-0064x25690,EDU_022,B01
EMP_0421,Jessica Anthony,Female,jessica.anthony421@enterprise-hr.com,001-218-330-6719x85546,EDU_005,B02
EMP_0422,Jacob Castaneda,Male,jacob.castaneda422@enterprise-hr.com,917-343-2806x34615,EDU_026,B05
EMP_0423,Stacey Kim,Female,stacey.kim423@enterprise-hr.com,320.630.9376,EDU_006,B04
EMP_0424,Jonathan Hanna,Male,jonathan.hanna424@enterprise-hr.com,400.550.5061x387,EDU_017,B05
EMP_0425,Tim Johnson,Male,tim.johnson425@enterprise-hr.com,(470)279-0320,EDU_030,B03
EMP_0426,Tanner Hoover,Non-Binary,tanner.hoover426@enterprise-hr.com,579-329-1117,EDU_017,B05
EMP_0427,Regina Simmons,Female,regina.simmons427@enterprise-hr.com,001-365-319-8253x0925,EDU_024,B01
EMP_0428,Donald Todd,Non-Binary,donald.todd428@enterprise-hr.com,(358)827-3902,EDU_015,B04
EMP_0429,Richard Smith,Male,richard.smith429@enterprise-hr.com,610.902.1946x7232,EDU_021,B05
EMP_0430,Jason Hurley,Male,jason.hurley430@enterprise-hr.com,+1-509-527-9145x608,EDU_005,B06
EMP_0431,Autumn Moreno,Female,autumn.moreno431@enterprise-hr.com,295-588-3734,EDU_020,B06
EMP_0432,Ashley Hernandez,Female,ashley.hernandez432@enterprise-hr.com,972.220.0543x6459,EDU_008,B02
EMP_0433,Brian Williams,Male,brian.williams433@enterprise-hr.com,+1-922-707-8113,EDU_003,B03
EMP_0434,Jennifer Burgess,Female,jennifer.burgess434@enterprise-hr.com,931-253-1363x63179,EDU_008,B01
EMP_0435,Steve Thomas,Male,steve.thomas435@enterprise-hr.com,+1-472-265-2735x435,EDU_035,B02
EMP_0436,Melissa Brown,Female,melissa.brown436@enterprise-hr.com,(417)476-2534,EDU_030,B03
EMP_0437,Kenneth Tran,Non-Binary,kenneth.tran437@enterprise-hr.com,616.287.3977,EDU_035,B04
EMP_0438,Nicholas Fitzgerald,Non-Binary,nicholas.fitzgerald438@enterprise-hr.com,235.869.3929,EDU_010,B04
EMP_0439,William Williams,Non-Binary,william.williams439@enterprise-hr.com,280.868.6717x7318,EDU_007,B04
EMP_0440,Travis Anderson,Non-Binary,travis.anderson440@enterprise-hr.com,431-807-4279x9077,EDU_027,B03
EMP_0441,Cody Savage,Male,cody.savage441@enterprise-hr.com,+1-570-316-5804x6498,EDU_024,B02
EMP_0442,Lisa Rogers,Female,lisa.rogers442@enterprise-hr.com,2857016579,EDU_029,B02
EMP_0443,Holly Wong,Female,holly.wong443@enterprise-hr.com,001-518-732-5381x793,EDU_007,B06
EMP_0444,Heather Adams,Female,heather.adams444@enterprise-hr.com,+1-664-901-5577x88178,EDU_035,B06
EMP_0445,Lisa Marsh,Female,lisa.marsh445@enterprise-hr.com,001-613-371-1624x112,EDU_004,B04
EMP_0446,Melissa Crawford,Female,melissa.crawford446@enterprise-hr.com,880.946.8275,EDU_013,B01
EMP_0447,Nancy Smith,Female,nancy.smith447@enterprise-hr.com,710.938.5695,EDU_006,B06
EMP_0448,Kevin Terry,Male,kevin.terry448@enterprise-hr.com,+1-577-949-2424,EDU_002,B01
EMP_0449,Jacqueline Roberts,Female,jacqueline.roberts449@enterprise-hr.com,6254472928,EDU_016,B02
EMP_0450,William Franco,Non-Binary,william.franco450@enterprise-hr.com,001-422-531-0592x745,EDU_014,B01
EMP_0451,Justin Johnson,Non-Binary,justin.johnson451@enterprise-hr.com,952-757-8284x10672,EDU_014,B05
EMP_0452,Christopher Cordova,Male,christopher.cordova452@enterprise-hr.com,+1-985-747-4929,EDU_015,B03
EMP_0453,Michael Dennis,Male,michael.dennis453@enterprise-hr.com,9287140693,EDU_001,B03
EMP_0454,Brandon Brown,Male,brandon.brown454@enterprise-hr.com,+1-839-583-4301x8718,EDU_009,B05
EMP_0455,Katherine Morrison,Female,katherine.morrison455@enterprise-hr.com,905.362.6565x04554,EDU_012,B01
EMP_0456,Daniel Barron,Non-Binary,daniel.barron456@enterprise-hr.com,001-667-942-6629x9123,EDU_002,B02
EMP_0457,William Fox,Male,william.fox457@enterprise-hr.com,519-461-0646x28792,EDU_023,B02
EMP_0458,Ronnie Roberts,Non-Binary,ronnie.roberts458@enterprise-hr.com,604.994.7873x0024,EDU_021,B01
EMP_0459,Caleb Wade,Male,caleb.wade459@enterprise-hr.com,962-873-0147x1959,EDU_017,B01
EMP_0460,Sean Burton,Male,sean.burton460@enterprise-hr.com,415.789.0429x0257,EDU_027,B05
EMP_0461,Christopher Nelson,Male,christopher.nelson461@enterprise-hr.com,(750)744-8183x21928,EDU_005,B04
EMP_0462,Samantha Cohen,Female,samantha.cohen462@enterprise-hr.com,945-818-9520x2845,EDU_024,B05
EMP_0463,Gerald Bartlett,Non-Binary,gerald.bartlett463@enterprise-hr.com,332-883-3898,EDU_007,B04
EMP_0464,Joe Jones,Non-Binary,joe.jones464@enterprise-hr.com,(707)454-5279,EDU_015,B05
EMP_0465,Michael Johnson,Male,michael.johnson465@enterprise-hr.com,332-823-4232,EDU_034,B03
EMP_0466,Melissa Bowers,Female,melissa.bowers466@enterprise-hr.com,207-960-3108,EDU_002,B01
EMP_0467,Barbara King,Female,barbara.king467@enterprise-hr.com,440-711-9393,EDU_026,B04
EMP_0468,Allen Thomas,Non-Binary,allen.thomas468@enterprise-hr.com,001-249-555-2893x8911,EDU_007,B04
EMP_0469,Mike Brandt,Non-Binary,mike.brandt469@enterprise-hr.com,(480)913-8759,EDU_029,B01
EMP_0470,Michael Rodriguez,Male,michael.rodriguez470@enterprise-hr.com,(466)938-3615x171,EDU_021,B05
EMP_0471,Philip Bush,Male,philip.bush471@enterprise-hr.com,+1-601-957-1647,EDU_005,B02
EMP_0472,Courtney Russell,Female,courtney.russell472@enterprise-hr.com,(431)875-2071x67811,EDU_021,B04
EMP_0473,James Garza,Non-Binary,james.garza473@enterprise-hr.com,321-553-5396,EDU_034,B03
EMP_0474,Sara Hardy,Female,sara.hardy474@enterprise-hr.com,499-946-5796x784,EDU_033,B05
EMP_0475,Ashley King,Female,ashley.king475@enterprise-hr.com,432.601.0170x2695,EDU_007,B06
EMP_0476,Marco Davis,Male,marco.davis476@enterprise-hr.com,687-773-4778,EDU_014,B04
EMP_0477,Rhonda Fernandez,Female,rhonda.fernandez477@enterprise-hr.com,9062167567,EDU_015,B04
EMP_0478,Amanda Hawkins,Female,amanda.hawkins478@enterprise-hr.com,001-942-976-2467x19788,EDU_030,B04
EMP_0479,Kristina Moore,Female,kristina.moore479@enterprise-hr.com,7642796954,EDU_007,B03
EMP_0480,Alyssa Williams,Female,alyssa.williams480@enterprise-hr.com,(259)505-6165x565,EDU_021,B06
EMP_0481,Danielle Wong,Female,danielle.wong481@enterprise-hr.com,001-711-241-5208,EDU_024,B02
EMP_0482,Joel Boyer,Non-Binary,joel.boyer482@enterprise-hr.com,001-886-840-7905,EDU_031,B01
EMP_0483,Frank Davis,Male,frank.davis483@enterprise-hr.com,913.357.8529x4563,EDU_006,B01
EMP_0484,Sara Herrera,Female,sara.herrera484@enterprise-hr.com,640-349-6391x9195,EDU_007,B06
EMP_0485,Keith Schmidt,Non-Binary,keith.schmidt485@enterprise-hr.com,(935)414-8468x53664,EDU_024,B02
EMP_0486,Stanley Burton,Non-Binary,stanley.burton486@enterprise-hr.com,729.973.7489x69083,EDU_004,B05
EMP_0487,Charles Hernandez,Non-Binary,charles.hernandez487@enterprise-hr.com,+1-846-565-1364x42493,EDU_022,B06
EMP_0488,Brian Lee,Male,brian.lee488@enterprise-hr.com,447.678.6603,EDU_027,B03
EMP_0489,Chad Green,Non-Binary,chad.green489@enterprise-hr.com,882-707-0015x941,EDU_028,B06
EMP_0490,Michael Blackwell,Male,michael.blackwell490@enterprise-hr.com,(523)319-8189x8471,EDU_019,B05
EMP_0491,Patricia Edwards,Female,patricia.edwards491@enterprise-hr.com,001-663-963-2123,EDU_023,B01
EMP_0492,Jason Roy,Non-Binary,jason.roy492@enterprise-hr.com,5786515867,EDU_033,B02
EMP_0493,Shawn Giles,Male,shawn.giles493@enterprise-hr.com,(675)740-9003x486,EDU_031,B02
EMP_0494,Steven Jennings,Male,steven.jennings494@enterprise-hr.com,+1-537-660-6441,EDU_023,B05
EMP_0495,Christine Zamora,Female,christine.zamora495@enterprise-hr.com,456.604.1776x561,EDU_008,B03
EMP_0496,Jonathan Bell,Non-Binary,jonathan.bell496@enterprise-hr.com,+1-685-770-0272x063,EDU_015,B04
EMP_0497,Kenneth Rodriguez,Non-Binary,kenneth.rodriguez497@enterprise-hr.com,682.496.5772,EDU_002,B05
EMP_0498,Michael Serrano,Non-Binary,michael.serrano498@enterprise-hr.com,531-365-2669x3008,EDU_018,B01
EMP_0499,William Gonzalez,Male,william.gonzalez499@enterprise-hr.com,001-320-269-6942x152,EDU_018,B06
EMP_0500,Michelle Graham,Female,michelle.graham500@enterprise-hr.com,571.533.3447x626,EDU_022,B03
