Location_ID,Office_Name,Postal_Code,Office_Capacity,City_ID
LOC_0001,Inc Hub Gary Crest,27421,664,CTY_022
LOC_0002,LLC Hub Jessica Station,58371,1771,CTY_085
LOC_0003,PLC Hub Oconnor Courts,20724,1845,CTY_072
LOC_0004,Ltd Hub Cook Dam,16620,420,CTY_038
LOC_0005,and Sons Hub Montes Trafficway,01364,249,CTY_061
LOC_0006,and Sons Hub Peterson Parkways,22948,312,CTY_095
LOC_0007,Inc Hub Watson Throughway,54897,579,CTY_093
LOC_0008,LLC Hub Edward Terrace,69923,1705,CTY_072
LOC_0009,Group Hub Devin Meadow,54687,1612,CTY_024
LOC_0010,Group Hub Crane Path,89918,1989,CTY_088
LOC_0011,LLC Hub Scott Trail,01804,1892,CTY_043
LOC_0012,Ltd Hub Christopher Island,53146,1390,CTY_012
LOC_0013,and Sons Hub Brown Trace,05362,505,CTY_046
LOC_0014,Ltd Hub Rachel Centers,83287,507,CTY_096
LOC_0015,Ltd Hub Barnes Springs,92354,1834,CTY_040
LOC_0016,PLC Hub Griffith Island,45610,911,CTY_043
LOC_0017,Inc Hub Mccullough Ridge,19750,811,CTY_034
LOC_0018,Ltd Hub Griffin Ford,71859,1249,CTY_038
LOC_0019,PLC Hub Terry Valleys,85534,999,CTY_016
LOC_0020,Group Hub Nicole Corner,05346,1013,CTY_007
LOC_0021,PLC Hub Price Stravenue,97501,1824,CTY_082
LOC_0022,and Sons Hub Lewis Pass,72824,1245,CTY_075
LOC_0023,LLC Hub Sherman Estate,03570,1983,CTY_080
LOC_0024,Inc Hub Allen Trail,40339,195,CTY_061
LOC_0025,Ltd Hub Benitez Creek,96443,1871,CTY_025
LOC_0026,Inc Hub Green Parkways,46962,1074,CTY_016
LOC_0027,Inc Hub Katherine Crossing,59317,1826,CTY_088
LOC_0028,LLC Hub Shawn Freeway,98249,831,CTY_068
LOC_0029,PLC Hub Michael Haven,87915,661,CTY_053
LOC_0030,Ltd Hub Jennifer Pike,97168,160,CTY_020
LOC_0031,and Sons Hub Mark Prairie,25739,331,CTY_026
LOC_0032,LLC Hub Garcia Station,56297,751,CTY_053
LOC_0033,Group Hub Christopher Manors,17548,1216,CTY_059
LOC_0034,Group Hub Sean Land,89213,343,CTY_041
LOC_0035,PLC Hub Chapman Path,52245,1816,CTY_092
LOC_0036,LLC Hub Fields Mill,90811,419,CTY_100
LOC_0037,Group Hub Colon Divide,66795,215,CTY_063
LOC_0038,and Sons Hub Dawson Curve,92844,731,CTY_081
LOC_0039,PLC Hub Heather Motorway,62544,412,CTY_041
LOC_0040,Inc Hub Sherry Land,16067,1349,CTY_008
LOC_0041,PLC Hub Rodriguez Land,75443,59,CTY_058
LOC_0042,LLC Hub Alexandra Crest,49189,610,CTY_027
LOC_0043,LLC Hub Turner Oval,04168,1608,CTY_100
LOC_0044,and Sons Hub Kristen Manor,06877,395,CTY_074
LOC_0045,LLC Hub Lewis Viaduct,97449,1615,CTY_021
LOC_0046,Group Hub David Keys,09356,1052,CTY_098
LOC_0047,Inc Hub Olson Inlet,74656,1646,CTY_012
LOC_0048,Group Hub Harrington Mountains,94877,315,CTY_079
LOC_0049,PLC Hub Kathleen Parkways,83923,938,CTY_082
LOC_0050,Group Hub Contreras Drive,95903,929,CTY_052
LOC_0051,LLC Hub Lauren Shores,82236,928,CTY_062
LOC_0052,Group Hub Hall Locks,44934,835,CTY_001
LOC_0053,PLC Hub Susan Mills,96958,127,CTY_069
LOC_0054,LLC Hub Michelle Station,03752,458,CTY_094
LOC_0055,PLC Hub Hoffman Crossing,84900,814,CTY_002
LOC_0056,PLC Hub James River,71520,1876,CTY_042
LOC_0057,PLC Hub Susan Pike,25325,1600,CTY_068
LOC_0058,Group Hub David Place,24060,440,CTY_003
LOC_0059,Inc Hub Buchanan Gardens,92987,1435,CTY_001
LOC_0060,PLC Hub Miller Place,80042,1333,CTY_094
LOC_0061,LLC Hub Chapman Overpass,03550,559,CTY_029
LOC_0062,LLC Hub White Burg,69694,1470,CTY_045
LOC_0063,LLC Hub Scott Crescent,13520,689,CTY_017
LOC_0064,PLC Hub Justin Falls,33997,260,CTY_050
LOC_0065,Inc Hub Kristopher Lodge,89447,1080,CTY_076
LOC_0066,and Sons Hub Christina Islands,24285,676,CTY_022
LOC_0067,Inc Hub Kenneth Courts,42449,183,CTY_006
LOC_0068,and Sons Hub Orozco Green,49720,660,CTY_038
LOC_0069,Inc Hub James Terrace,78751,983,CTY_094
LOC_0070,PLC Hub Trevor Terrace,66616,1115,CTY_077
LOC_0071,Group Hub Joseph Island,61426,1123,CTY_044
LOC_0072,PLC Hub Jones Burgs,53912,938,CTY_088
LOC_0073,Ltd Hub Robin Brook,35780,324,CTY_044
LOC_0074,PLC Hub John Point,85901,1896,CTY_063
LOC_0075,and Sons Hub Carroll Mission,11499,785,CTY_097
LOC_0076,Ltd Hub Krista Divide,49430,435,CTY_022
LOC_0077,PLC Hub Kimberly Plain,56043,1991,CTY_052
LOC_0078,PLC Hub Williams Via,61403,89,CTY_030
LOC_0079,PLC Hub Delgado Expressway,00572,509,CTY_094
LOC_0080,Inc Hub Nelson Glen,89629,318,CTY_028
LOC_0081,Group Hub Kirby Forest,77198,1553,CTY_003
LOC_0082,PLC Hub Williams Streets,70505,1257,CTY_065
LOC_0083,PLC Hub Kevin Locks,92045,396,CTY_016
LOC_0084,Inc Hub Jessica Harbors,57119,800,CTY_092
LOC_0085,and Sons Hub Henson Junctions,83753,1382,CTY_005
LOC_0086,LLC Hub Nelson Shore,42658,818,CTY_082
LOC_0087,LLC Hub Steve Rapid,43552,573,CTY_099
LOC_0088,Inc Hub Deborah Alley,80295,1145,CTY_080
LOC_0089,Group Hub Rachel Spring,23246,149,CTY_077
LOC_0090,Group Hub Farmer Plain,11137,148,CTY_085
LOC_0091,Ltd Hub Amanda Village,88530,271,CTY_084
LOC_0092,Group Hub Michael Via,49833,1762,CTY_003
LOC_0093,PLC Hub Hughes Villages,91862,148,CTY_089
LOC_0094,Inc Hub Steven Fields,58772,287,CTY_054
LOC_0095,Inc Hub Julia Trace,37349,959,CTY_049
LOC_0096,Ltd Hub Lee Via,80906,303,CTY_071
LOC_0097,Ltd Hub Stokes Forges,31205,567,CTY_061
LOC_0098,Group Hub Johnson Park,92781,1487,CTY_020
LOC_0099,Ltd Hub Adrian View,84182,470,CTY_089
LOC_0100,Group Hub Molly Port,66079,1454,CTY_081
LOC_0101,Group Hub Andrea Shoals,97338,69,CTY_039
LOC_0102,PLC Hub Cameron Crossroad,98277,911,CTY_085
LOC_0103,Inc Hub Jordan Port,30380,256,CTY_085
LOC_0104,PLC Hub Lee Springs,03531,1115,CTY_035
LOC_0105,Ltd Hub Becker Motorway,00757,1325,CTY_078
LOC_0106,Group Hub Melissa Islands,57195,1485,CTY_018
LOC_0107,Group Hub Martinez Path,61657,907,CTY_014
LOC_0108,Group Hub Holmes Cape,95032,1097,CTY_093
LOC_0109,and Sons Hub Joshua Manor,70285,1315,CTY_016
LOC_0110,Group Hub Smith Fields,44371,628,CTY_015
LOC_0111,Inc Hub Veronica Fork,90881,1657,CTY_014
LOC_0112,Group Hub Sally Flat,22059,1069,CTY_026
LOC_0113,LLC Hub Brown Road,13179,1297,CTY_026
LOC_0114,Inc Hub Reynolds Burg,78165,1643,CTY_034
LOC_0115,Ltd Hub Pittman Gateway,14635,1752,CTY_067
LOC_0116,Group Hub Susan Village,07635,463,CTY_046
LOC_0117,LLC Hub Sherry Trail,79139,1490,CTY_053
LOC_0118,PLC Hub Duran Road,59018,654,CTY_021
LOC_0119,PLC Hub Christopher Circle,04871,130,CTY_071
LOC_0120,Group Hub Wu Square,09024,1066,CTY_027
LOC_0121,and Sons Hub Samantha Mills,07682,1459,CTY_062
LOC_0122,LLC Hub Jones Springs,07813,727,CTY_031
LOC_0123,PLC Hub Kenneth Light,53150,55,CTY_002
LOC_0124,Inc Hub Hall Rapid,86972,1425,CTY_012
LOC_0125,PLC Hub Shawn Mountain,56613,1907,CTY_015
LOC_0126,PLC Hub Matthew Spring,03905,1760,CTY_074
LOC_0127,Group Hub Matthews Coves,13960,1420,CTY_064
LOC_0128,Inc Hub Brittany Ville,25878,355,CTY_012
LOC_0129,PLC Hub Dana Glens,47082,1646,CTY_066
LOC_0130,Group Hub Hardy Mills,24870,203,CTY_093
LOC_0131,and Sons Hub Laura Circle,17236,1531,CTY_013
LOC_0132,LLC Hub Palmer Run,99378,1902,CTY_033
LOC_0133,LLC Hub Silva Plains,19588,1369,CTY_030
LOC_0134,and Sons Hub Parker Junctions,38651,985,CTY_038
LOC_0135,LLC Hub Zachary Shoals,89407,590,CTY_060
LOC_0136,and Sons Hub John Viaduct,73829,152,CTY_013
LOC_0137,Inc Hub Cooper Flats,84459,1715,CTY_023
LOC_0138,and Sons Hub Matthew Shores,62855,1840,CTY_006
LOC_0139,Ltd Hub Greene Isle,76314,1795,CTY_038
LOC_0140,PLC Hub Jensen Manor,43573,787,CTY_087
LOC_0141,and Sons Hub Shawn Turnpike,06031,690,CTY_055
LOC_0142,Group Hub Samantha Route,29733,1562,CTY_015
LOC_0143,Ltd Hub Steven Forest,31829,244,CTY_098
LOC_0144,Group Hub Aguirre Lane,27412,1873,CTY_006
LOC_0145,Group Hub Margaret Avenue,48056,69,CTY_018
LOC_0146,Inc Hub Michael Point,15599,1408,CTY_083
LOC_0147,and Sons Hub Alexander Roads,77268,399,CTY_043
LOC_0148,LLC Hub Theresa Flat,26430,782,CTY_057
LOC_0149,LLC Hub Jeffery Greens,94720,1323,CTY_035
LOC_0150,and Sons Hub Abbott Gardens,23902,1849,CTY_094
LOC_0151,and Sons Hub Gregory Greens,13764,240,CTY_048
LOC_0152,Inc Hub Nicholas Turnpike,15045,1719,CTY_044
LOC_0153,LLC Hub Kevin Garden,48950,424,CTY_015
LOC_0154,LLC Hub Shelley Union,82185,870,CTY_052
LOC_0155,Group Hub David Curve,25357,984,CTY_035
LOC_0156,and Sons Hub Benson Island,79085,1761,CTY_050
LOC_0157,Group Hub Samantha Track,81245,1462,CTY_062
LOC_0158,PLC Hub Melissa Hill,19973,1688,CTY_054
LOC_0159,LLC Hub Brian Underpass,37210,1378,CTY_022
LOC_0160,and Sons Hub Clark Common,62192,281,CTY_017
LOC_0161,Ltd Hub Gary Loaf,98976,1475,CTY_093
LOC_0162,Ltd Hub Jimenez Mountain,23962,170,CTY_021
LOC_0163,LLC Hub Fox Orchard,94302,262,CTY_054
LOC_0164,Group Hub Adams Locks,84138,1916,CTY_076
LOC_0165,PLC Hub Jamie Flats,59756,1038,CTY_073
LOC_0166,and Sons Hub Robinson Manors,49926,1439,CTY_057
LOC_0167,PLC Hub Selena Landing,33862,421,CTY_079
LOC_0168,PLC Hub Dennis Corner,39173,827,CTY_100
LOC_0169,Group Hub Hall Canyon,61482,784,CTY_079
LOC_0170,PLC Hub Simmons Mountain,57190,109,CTY_088
LOC_0171,Group Hub Ballard Island,36286,1852,CTY_094
LOC_0172,Group Hub Hayden Fort,35316,1876,CTY_017
LOC_0173,Ltd Hub Michael Corner,39104,1039,CTY_063
LOC_0174,PLC Hub Kristi Forks,13399,281,CTY_053
LOC_0175,Inc Hub Michael Plains,26755,952,CTY_006
LOC_0176,LLC Hub Emily Glen,40178,179,CTY_034
LOC_0177,Ltd Hub Lee Rapids,18571,1391,CTY_041
LOC_0178,Ltd Hub Smith Hills,37443,75,CTY_091
LOC_0179,LLC Hub Bautista View,76516,1828,CTY_087
LOC_0180,Ltd Hub Thomas Passage,20067,1124,CTY_099
LOC_0181,Group Hub Jeremy Summit,28009,1572,CTY_074
LOC_0182,Group Hub Zachary Turnpike,72933,1532,CTY_073
LOC_0183,Group Hub Peterson Corner,41536,508,CTY_086
LOC_0184,and Sons Hub Carrillo Square,55248,1838,CTY_044
LOC_0185,and Sons Hub Cole Point,04446,1113,CTY_067
LOC_0186,LLC Hub Barbara Crossroad,40552,1459,CTY_090
LOC_0187,Ltd Hub Vincent Shoals,46987,1316,CTY_013
LOC_0188,LLC Hub Robert Spur,99149,936,CTY_085
LOC_0189,Group Hub Nguyen Brooks,74894,1538,CTY_032
LOC_0190,Inc Hub Eric Isle,74974,1036,CTY_045
LOC_0191,Ltd Hub Baird Ford,51702,1409,CTY_087
LOC_0192,Inc Hub Lopez Coves,43602,1363,CTY_050
LOC_0193,PLC Hub Fowler Hollow,12722,354,CTY_072
LOC_0194,and Sons Hub Emily Fall,04703,1876,CTY_079
LOC_0195,Ltd Hub Johnson Flat,09609,161,CTY_002
LOC_0196,Group Hub Harris Highway,86952,1367,CTY_021
LOC_0197,PLC Hub Shawn Land,68465,1085,CTY_061
LOC_0198,Inc Hub Mark Loop,51763,1794,CTY_064
LOC_0199,and Sons Hub David Manor,63186,1830,CTY_022
LOC_0200,Ltd Hub Paul Way,27564,203,CTY_097
LOC_0201,and Sons Hub Kyle Viaduct,93519,1056,CTY_042
LOC_0202,Ltd Hub Moore Ports,41174,543,CTY_043
LOC_0203,PLC Hub Wayne Spur,60657,619,CTY_007
LOC_0204,LLC Hub Adrian Divide,58923,1088,CTY_029
LOC_0205,Inc Hub Jacobs Gateway,69426,1177,CTY_083
LOC_0206,LLC Hub Stevens Ports,05623,825,CTY_052
LOC_0207,Ltd Hub Keith Motorway,45954,1723,CTY_031
LOC_0208,Ltd Hub Myers View,23455,211,CTY_059
LOC_0209,Group Hub Hayden River,96608,959,CTY_074
LOC_0210,Group Hub Cruz Shoals,24545,967,CTY_012
LOC_0211,Ltd Hub Phillip Cape,31918,1804,CTY_064
LOC_0212,and Sons Hub Khan Plain,38759,965,CTY_041
LOC_0213,Ltd Hub Helen Stravenue,28977,293,CTY_064
LOC_0214,Group Hub Riddle Plaza,16390,1576,CTY_084
LOC_0215,LLC Hub Karina Parkways,43232,86,CTY_014
LOC_0216,Group Hub Martin Fords,66831,876,CTY_053
LOC_0217,Inc Hub Johnson Route,91528,123,CTY_072
LOC_0218,Ltd Hub James Summit,52843,1174,CTY_001
LOC_0219,and Sons Hub Johnson Glen,15532,1741,CTY_012
LOC_0220,Ltd Hub Mark Summit,61350,1671,CTY_078
LOC_0221,Group Hub Jones Plaza,86618,1317,CTY_082
LOC_0222,and Sons Hub Taylor View,37088,673,CTY_066
LOC_0223,and Sons Hub Mary Rest,13675,1201,CTY_027
LOC_0224,and Sons Hub Martinez Streets,51730,1390,CTY_086
LOC_0225,and Sons Hub Emily Branch,89286,984,CTY_044
LOC_0226,LLC Hub Scott Fall,28900,794,CTY_007
LOC_0227,Ltd Hub Patricia Place,28834,1722,CTY_029
LOC_0228,Group Hub Mary Valleys,69035,1779,CTY_059
LOC_0229,Ltd Hub Peter Inlet,58695,729,CTY_072
LOC_0230,Inc Hub Brandon Lane,26943,1621,CTY_080
LOC_0231,and Sons Hub Kerr Flats,12479,1278,CTY_061
LOC_0232,Inc Hub Johnson Bridge,44687,1517,CTY_085
LOC_0233,and Sons Hub Jeffrey Court,87547,794,CTY_092
LOC_0234,and Sons Hub Bradley Passage,14615,976,CTY_015
LOC_0235,LLC Hub Hart Field,82378,249,CTY_098
LOC_0236,and Sons Hub Mcmillan Crest,30963,1399,CTY_029
LOC_0237,and Sons Hub Michael Extensions,02466,54,CTY_044
LOC_0238,Group Hub Smith Forest,60633,777,CTY_082
LOC_0239,and Sons Hub Diane Harbors,85690,1688,CTY_038
LOC_0240,PLC Hub Williams Forge,54384,1171,CTY_067
LOC_0241,LLC Hub Bird Cove,93893,815,CTY_090
LOC_0242,PLC Hub Johnathan Court,79126,267,CTY_006
LOC_0243,LLC Hub Gregory Trail,91428,1886,CTY_022
LOC_0244,and Sons Hub Thompson Trace,90629,1058,CTY_018
LOC_0245,LLC Hub Jones Brook,80262,1733,CTY_092
LOC_0246,PLC Hub Reyes Route,97732,1570,CTY_093
LOC_0247,and Sons Hub Jesse Ridges,16761,888,CTY_014
LOC_0248,LLC Hub Joann Throughway,32423,570,CTY_079
LOC_0249,PLC Hub Brian Landing,65870,451,CTY_025
LOC_0250,LLC Hub Edward Ford,84654,297,CTY_051
LOC_0251,Inc Hub Sandra Rapid,58661,491,CTY_059
LOC_0252,Ltd Hub Taylor Island,84859,1738,CTY_025
LOC_0253,Inc Hub Wong Heights,98877,1517,CTY_044
LOC_0254,Inc Hub Melanie Isle,45423,270,CTY_097
LOC_0255,and Sons Hub Amber Shores,33051,898,CTY_006
LOC_0256,Ltd Hub Cathy Light,68851,1947,CTY_082
LOC_0257,LLC Hub Scott Avenue,08970,1765,CTY_087
LOC_0258,Group Hub Stephanie Center,83648,1255,CTY_016
LOC_0259,and Sons Hub David Extensions,78178,1631,CTY_058
LOC_0260,PLC Hub Joel Common,56369,986,CTY_085
LOC_0261,Ltd Hub Collins Stravenue,26392,1256,CTY_065
LOC_0262,and Sons Hub Thompson Gateway,40229,325,CTY_064
LOC_0263,LLC Hub Faulkner Flats,36134,58,CTY_068
LOC_0264,Group Hub Stephanie Lake,52699,1557,CTY_007
LOC_0265,Group Hub Thomas Manors,66730,1183,CTY_056
LOC_0266,PLC Hub Wolf Viaduct,63677,1767,CTY_075
LOC_0267,Inc Hub Simmons Corner,39852,1039,CTY_066
LOC_0268,PLC Hub Angela Extensions,34224,1649,CTY_023
LOC_0269,Group Hub Torres Haven,49672,1466,CTY_075
LOC_0270,PLC Hub Jones Dale,94199,405,CTY_094
LOC_0271,Group Hub Eric Field,01048,1719,CTY_017
LOC_0272,Inc Hub Henry Mall,52228,262,CTY_050
LOC_0273,Ltd Hub Cruz Inlet,84524,1396,CTY_077
LOC_0274,PLC Hub Riley Camp,16816,1291,CTY_042
LOC_0275,Group Hub James Mews,33958,1082,CTY_050
LOC_0276,Ltd Hub Hicks Overpass,83729,907,CTY_078
LOC_0277,Ltd Hub Horton Run,51007,1925,CTY_089
LOC_0278,Group Hub John Bypass,47872,1611,CTY_032
LOC_0279,Ltd Hub Heidi Rue,19884,610,CTY_051
LOC_0280,LLC Hub Blackburn Drive,33831,752,CTY_038
LOC_0281,and Sons Hub Alexander Trail,12599,977,CTY_018
LOC_0282,Ltd Hub Sanders Radial,11032,332,CTY_053
LOC_0283,PLC Hub Nancy Expressway,56451,1283,CTY_090
LOC_0284,LLC Hub Mason Place,86810,1865,CTY_096
LOC_0285,Group Hub Gross Terrace,95875,1099,CTY_039
LOC_0286,Inc Hub Daisy Trail,45641,1776,CTY_090
LOC_0287,and Sons Hub Goodman Summit,52663,1171,CTY_041
LOC_0288,Ltd Hub Smith Extension,64952,1507,CTY_095
LOC_0289,Inc Hub Chad Square,55268,1965,CTY_071
LOC_0290,PLC Hub Pena Street,56986,1345,CTY_028
LOC_0291,and Sons Hub Nicholas Squares,18108,461,CTY_027
LOC_0292,and Sons Hub White Creek,59570,1328,CTY_092
LOC_0293,PLC Hub Jacob Circle,98793,645,CTY_088
LOC_0294,and Sons Hub Jordan Well,54082,757,CTY_087
LOC_0295,Group Hub Miranda Expressway,10961,321,CTY_091
LOC_0296,LLC Hub Nicholas Harbor,08924,1381,CTY_023
LOC_0297,LLC Hub Brenda Neck,64096,1081,CTY_070
LOC_0298,Ltd Hub Albert Grove,99040,1471,CTY_082
LOC_0299,Inc Hub Collin Pike,01452,710,CTY_091
LOC_0300,Group Hub Frederick Mountains,99710,286,CTY_098
LOC_0301,LLC Hub Rogers Springs,45468,771,CTY_072
LOC_0302,LLC Hub Shelley Shores,52729,1033,CTY_075
LOC_0303,Group Hub Theresa Well,43788,1218,CTY_086
LOC_0304,Inc Hub Stephen Square,53166,1504,CTY_054
LOC_0305,Ltd Hub Anthony Crossing,70051,1430,CTY_096
LOC_0306,LLC Hub Miguel River,90440,1880,CTY_069
LOC_0307,Ltd Hub Robertson Shore,25134,635,CTY_055
LOC_0308,Inc Hub Smith Lake,06498,1705,CTY_002
LOC_0309,Ltd Hub Gregory Fort,80030,1120,CTY_014
LOC_0310,Group Hub Stevenson Underpass,11166,101,CTY_049
LOC_0311,LLC Hub Crosby Mountains,86790,347,CTY_007
LOC_0312,Ltd Hub Jessica Hill,80084,1422,CTY_008
LOC_0313,and Sons Hub Molly Wells,75460,459,CTY_035
LOC_0314,Ltd Hub David Underpass,11916,1586,CTY_021
LOC_0315,LLC Hub Jackson Mission,15663,636,CTY_088
LOC_0316,Group Hub John Extension,99231,563,CTY_019
LOC_0317,Ltd Hub Daniel Stravenue,04331,1769,CTY_008
LOC_0318,and Sons Hub Orr Trafficway,37248,1464,CTY_038
LOC_0319,and Sons Hub Wade Skyway,16635,467,CTY_097
LOC_0320,Ltd Hub Sandra Roads,95582,1158,CTY_005
LOC_0321,Group Hub Laura Isle,29835,784,CTY_058
LOC_0322,PLC Hub Dawn Lane,94537,259,CTY_079
LOC_0323,Ltd Hub Valdez Tunnel,74150,1827,CTY_087
LOC_0324,Group Hub Jeffrey Crescent,38639,1564,CTY_072
LOC_0325,Inc Hub Christopher Streets,78121,1821,CTY_029
LOC_0326,and Sons Hub Ashley Crossroad,41575,1570,CTY_083
LOC_0327,Group Hub Lance Ramp,70703,1199,CTY_050
LOC_0328,and Sons Hub Whitney Island,48345,536,CTY_066
LOC_0329,Ltd Hub April Rapids,77935,1656,CTY_090
LOC_0330,and Sons Hub Randall Plain,60873,639,CTY_089
LOC_0331,LLC Hub Lisa Hill,29193,1410,CTY_007
LOC_0332,Group Hub Hernandez Haven,19620,1947,CTY_049
LOC_0333,Ltd Hub Carol Inlet,66348,843,CTY_054
LOC_0334,Ltd Hub Joshua Vista,93106,1664,CTY_088
LOC_0335,PLC Hub Welch Forge,65384,690,CTY_071
LOC_0336,LLC Hub Brown Valleys,44166,160,CTY_002
LOC_0337,and Sons Hub Melanie Valleys,30001,1573,CTY_033
LOC_0338,Ltd Hub Sandra Trail,23965,465,CTY_080
LOC_0339,Group Hub Evans Via,86910,1829,CTY_100
LOC_0340,and Sons Hub Amy Junction,55870,1812,CTY_057
LOC_0341,Ltd Hub Mooney Throughway,51797,1749,CTY_029
LOC_0342,Group Hub Allison Haven,37511,1916,CTY_082
LOC_0343,Ltd Hub Jacqueline Plaza,52113,1493,CTY_091
LOC_0344,Inc Hub Marcus Turnpike,76573,1376,CTY_048
LOC_0345,Inc Hub Ellis Estates,76150,1596,CTY_076
LOC_0346,and Sons Hub Dominguez Highway,19483,1169,CTY_095
LOC_0347,and Sons Hub Linda Flat,96880,1285,CTY_026
LOC_0348,Ltd Hub Michael Walks,75956,1639,CTY_093
LOC_0349,Inc Hub Nicholas Meadow,89557,446,CTY_038
LOC_0350,and Sons Hub Cody Mountains,24045,969,CTY_023
LOC_0351,Inc Hub Tina Run,44867,1448,CTY_010
LOC_0352,PLC Hub Booker Road,95207,432,CTY_023
LOC_0353,Group Hub Austin Garden,52490,1555,CTY_066
LOC_0354,Group Hub Watts Extensions,86064,294,CTY_049
LOC_0355,Ltd Hub Parsons Underpass,88415,133,CTY_055
LOC_0356,Ltd Hub Kimberly Way,85738,621,CTY_072
LOC_0357,Group Hub Chen Mills,48646,591,CTY_017
LOC_0358,Inc Hub Darryl Crossing,64623,379,CTY_075
LOC_0359,Ltd Hub Andrew Ports,75556,1782,CTY_033
LOC_0360,Group Hub Benson Court,78210,61,CTY_043
LOC_0361,and Sons Hub Washington Rue,92610,1005,CTY_091
LOC_0362,Group Hub Duncan Courts,43129,1969,CTY_020
LOC_0363,Inc Hub Richard Squares,03089,131,CTY_020
LOC_0364,Group Hub Brown Villages,77141,1951,CTY_042
LOC_0365,PLC Hub Karen Fords,86822,1272,CTY_007
LOC_0366,Inc Hub Michelle Square,24085,1634,CTY_081
LOC_0367,Inc Hub Mcbride Crossing,05631,1310,CTY_085
LOC_0368,and Sons Hub Denise Corners,74228,666,CTY_063
LOC_0369,LLC Hub Christopher Crossing,66842,1667,CTY_074
LOC_0370,LLC Hub Burch Extension,55951,1176,CTY_046
LOC_0371,Ltd Hub John Cape,68585,199,CTY_091
LOC_0372,LLC Hub Taylor Overpass,91609,700,CTY_068
LOC_0373,LLC Hub Obrien Pass,28005,500,CTY_024
LOC_0374,Ltd Hub Elaine Cape,31578,1116,CTY_009
LOC_0375,Inc Hub Donald Walks,28709,1660,CTY_065
LOC_0376,and Sons Hub Brittany Harbors,17342,376,CTY_054
LOC_0377,Ltd Hub Jones Glens,34668,1162,CTY_069
LOC_0378,Group Hub Ricardo Corner,33816,876,CTY_012
LOC_0379,Ltd Hub Bentley Divide,70743,765,CTY_029
LOC_0380,and Sons Hub Crystal Grove,83485,1859,CTY_028
LOC_0381,Ltd Hub Jennifer Port,86656,1408,CTY_043
LOC_0382,Ltd Hub Robert Drives,41966,728,CTY_047
LOC_0383,Group Hub Johnson Rapids,32941,651,CTY_028
LOC_0384,Inc Hub Martinez Creek,90151,1996,CTY_097
LOC_0385,PLC Hub Jones Route,12163,1316,CTY_068
LOC_0386,LLC Hub Strickland Drive,30092,1022,CTY_072
LOC_0387,LLC Hub Corey Forges,50129,1736,CTY_097
LOC_0388,Inc Hub Gregory Stream,40681,1379,CTY_002
LOC_0389,PLC Hub Davis Keys,92311,284,CTY_086
LOC_0390,PLC Hub Arnold Rest,13485,758,CTY_058
LOC_0391,Inc Hub Louis Terrace,51561,542,CTY_083
LOC_0392,and Sons Hub Shaffer Springs,70189,1306,CTY_080
LOC_0393,PLC Hub Woods Crossroad,34456,549,CTY_006
LOC_0394,Inc Hub Diane Divide,50151,1447,CTY_042
LOC_0395,PLC Hub Brown Stream,84281,831,CTY_015
LOC_0396,LLC Hub Erika Manor,93140,840,CTY_033
LOC_0397,Group Hub Scott Knoll,61929,1156,CTY_093
LOC_0398,PLC Hub Hill Meadow,68736,629,CTY_004
LOC_0399,Ltd Hub Kevin Walks,11896,1916,CTY_067
LOC_0400,LLC Hub Townsend Vista,12315,1733,CTY_099
LOC_0401,Ltd Hub Chase Garden,12773,817,CTY_066
LOC_0402,and Sons Hub Christopher Heights,73135,1694,CTY_066
LOC_0403,Group Hub Suzanne Manors,89241,962,CTY_063
LOC_0404,PLC Hub Timothy Passage,90301,139,CTY_038
LOC_0405,Ltd Hub Richard Ridges,25428,1889,CTY_084
LOC_0406,Ltd Hub Jennifer Squares,70536,444,CTY_042
LOC_0407,Ltd Hub Sanchez Streets,87162,1102,CTY_011
LOC_0408,PLC Hub Catherine Extension,88911,1991,CTY_013
LOC_0409,PLC Hub Gregory Lakes,17975,392,CTY_099
LOC_0410,PLC Hub Farley Manors,65448,1151,CTY_069
LOC_0411,Group Hub Nathaniel Creek,44797,65,CTY_081
LOC_0412,Ltd Hub Marie Vista,15949,184,CTY_027
LOC_0413,LLC Hub Webb Greens,28427,1422,CTY_081
LOC_0414,Inc Hub Robinson Inlet,84776,1634,CTY_028
LOC_0415,PLC Hub Savannah River,64499,1821,CTY_088
LOC_0416,Inc Hub Smith Mount,43564,918,CTY_014
LOC_0417,LLC Hub Rodriguez Keys,95191,471,CTY_069
LOC_0418,and Sons Hub Gomez Courts,56967,1747,CTY_090
LOC_0419,Group Hub Christopher Passage,20648,1849,CTY_095
LOC_0420,Group Hub Robin Avenue,20899,1637,CTY_056
LOC_0421,Ltd Hub Perez Locks,49562,1374,CTY_010
LOC_0422,LLC Hub Patterson Falls,70811,1579,CTY_088
LOC_0423,LLC Hub Veronica Shoals,58088,364,CTY_004
LOC_0424,and Sons Hub Michael Mews,01262,990,CTY_092
LOC_0425,LLC Hub Daniel Haven,05777,729,CTY_005
LOC_0426,and Sons Hub Fisher Isle,04643,229,CTY_010
LOC_0427,and Sons Hub Stacy Shores,35339,161,CTY_023
LOC_0428,Inc Hub Burns Park,89857,1676,CTY_033
LOC_0429,Ltd Hub Mark Track,52913,1192,CTY_010
LOC_0430,PLC Hub Anderson Coves,03273,1227,CTY_030
LOC_0431,and Sons Hub Maurice Bridge,90211,1915,CTY_034
LOC_0432,and Sons Hub Erika Junctions,56818,884,CTY_050
LOC_0433,PLC Hub Ryan Highway,37492,973,CTY_081
LOC_0434,Group Hub Kathleen Gateway,81452,878,CTY_056
LOC_0435,and Sons Hub John Trafficway,15576,697,CTY_003
LOC_0436,LLC Hub Elizabeth Meadow,26507,847,CTY_087
LOC_0437,Group Hub Jacqueline Parkway,80599,292,CTY_069
LOC_0438,and Sons Hub Victoria Ramp,82933,62,CTY_083
LOC_0439,Ltd Hub Jerome Curve,53097,1525,CTY_080
LOC_0440,Inc Hub Mooney Drive,56377,179,CTY_097
LOC_0441,Inc Hub Christopher Center,50354,1577,CTY_075
LOC_0442,Group Hub Graves Fort,29569,143,CTY_090
LOC_0443,LLC Hub Mendoza Pass,56478,1787,CTY_010
LOC_0444,Ltd Hub Kevin Grove,48155,782,CTY_065
LOC_0445,LLC Hub Dawson Gateway,42423,267,CTY_038
LOC_0446,Inc Hub Blake Center,87064,1661,CTY_088
LOC_0447,Ltd Hub Lewis Mountains,37222,667,CTY_078
LOC_0448,PLC Hub Ryan Glen,64894,227,CTY_037
LOC_0449,LLC Hub Torres Court,88181,1617,CTY_057
LOC_0450,Inc Hub Mark Streets,47868,831,CTY_051
LOC_0451,Ltd Hub Allen Harbor,28030,1733,CTY_085
LOC_0452,PLC Hub Miller Coves,17603,113,CTY_061
LOC_0453,Ltd Hub Blake Shoal,25461,370,CTY_069
LOC_0454,and Sons Hub Schaefer Club,72142,500,CTY_018
LOC_0455,PLC Hub Turner Mountains,26977,1579,CTY_051
LOC_0456,PLC Hub Bradley Fields,55316,1681,CTY_070
LOC_0457,PLC Hub Snow Trace,73946,654,CTY_082
LOC_0458,LLC Hub West Stravenue,15892,345,CTY_039
LOC_0459,Group Hub Timothy Pine,66544,1437,CTY_094
LOC_0460,Inc Hub Carol Square,17400,1376,CTY_048
LOC_0461,LLC Hub Stephanie Circle,91439,1994,CTY_002
LOC_0462,and Sons Hub Simpson Place,67804,1183,CTY_072
LOC_0463,Inc Hub Samuel Pass,50852,339,CTY_016
LOC_0464,PLC Hub Morales Groves,27623,135,CTY_001
LOC_0465,and Sons Hub Ernest Forge,78110,1222,CTY_077
LOC_0466,Ltd Hub Natasha Turnpike,67714,857,CTY_069
LOC_0467,Group Hub Turner Forges,39345,1171,CTY_011
LOC_0468,Ltd Hub Arnold Extension,29851,674,CTY_027
LOC_0469,Inc Hub Kelly Route,19917,1582,CTY_095
LOC_0470,LLC Hub Joseph Turnpike,07253,1900,CTY_093
LOC_0471,Ltd Hub Veronica Fords,70571,754,CTY_028
LOC_0472,Inc Hub Deborah Roads,79820,895,CTY_083
LOC_0473,LLC Hub Miller Squares,72495,1793,CTY_066
LOC_0474,LLC Hub Ricky Ridge,39153,341,CTY_021
LOC_0475,LLC Hub Connie Branch,47094,426,CTY_029
LOC_0476,and Sons Hub Thompson Brook,70937,1313,CTY_033
LOC_0477,Ltd Hub Jennifer Spurs,50568,447,CTY_015
LOC_0478,Ltd Hub Berg Roads,79713,421,CTY_086
LOC_0479,PLC Hub Lisa Forges,43002,1687,CTY_073
LOC_0480,LLC Hub Bonnie Valley,99184,1795,CTY_007
LOC_0481,Group Hub Sean Stream,95696,1793,CTY_097
LOC_0482,Group Hub Hernandez Neck,12781,1959,CTY_071
LOC_0483,Group Hub Stephen Via,23584,994,CTY_083
LOC_0484,and Sons Hub Harding Falls,85378,1175,CTY_010
LOC_0485,LLC Hub Kyle Fall,52169,645,CTY_086
LOC_0486,Ltd Hub Chad Cliffs,56389,187,CTY_033
LOC_0487,and Sons Hub Stout Lodge,13638,251,CTY_026
LOC_0488,Ltd Hub Jessica Valley,02046,1536,CTY_075
LOC_0489,PLC Hub Nicholas Brooks,14923,1047,CTY_043
LOC_0490,Inc Hub David Trail,11458,781,CTY_017
LOC_0491,LLC Hub Sheena Rapid,02270,1424,CTY_084
LOC_0492,Inc Hub Amy Viaduct,44854,530,CTY_013
LOC_0493,Ltd Hub James Neck,74275,633,CTY_080
LOC_0494,Group Hub Kyle Neck,20753,192,CTY_025
LOC_0495,and Sons Hub Amy Grove,82746,700,CTY_063
LOC_0496,PLC Hub Andrew Cape,13977,972,CTY_043
LOC_0497,PLC Hub Garcia Villages,54933,1312,CTY_085
LOC_0498,and Sons Hub Rhonda Burg,30211,676,CTY_089
LOC_0499,Group Hub Hernandez Shoal,38098,1246,CTY_020
LOC_0500,and Sons Hub Mcdaniel Stravenue,15234,1208,CTY_073
